timestamp,open,high,low,close,volume,quote_volume
2026-09-15 21:25:00,0.1959,0.196,0.1957,0.1959,177149.4,34687.95874
2026-09-15 21:26:00,0.1959,0.1962,0.1958,0.1958,536566.9,105150.63665
2026-09-15 21:27:00,0.1958,0.1958,0.1955,0.1955,55275.2,10816.64585
2026-09-15 21:28:00,0.1955,0.1955,0.1951,0.1951,485939.5,94958.71795
2026-09-15 21:29:00,0.1951,0.1955,0.195,0.1955,255159.0,49805.10976
2026-09-15 21:30:00,0.1954,0.1955,0.1953,0.1954,40119.0,7839.60866
2026-09-15 21:31:00,0.1953,0.1955,0.1953,0.1955,12392.7,2421.55397
2026-09-15 21:32:00,0.1955,0.1958,0.1954,0.1957,17810.8,3482.82
2026-09-15 21:33:00,0.1958,0.1958,0.1957,0.1958,12783.4,2502.90074
2026-09-15 21:34:00,0.1959,0.1959,0.1952,0.1954,768203.5,150156.88646
2026-09-15 21:35:00,0.1953,0.1955,0.1952,0.1954,110605.8,21602.36906
2026-09-15 21:36:00,0.1954,0.1954,0.195,0.1952,97298.3,18992.64806
2026-09-15 21:37:00,0.1953,0.1959,0.1953,0.1958,323824.3,63369.77406
2026-09-15 21:38:00,0.1957,0.1959,0.1955,0.1957,86109.6,16849.71035
2026-09-15 21:39:00,0.1956,0.1959,0.1956,0.1958,108887.1,21315.86897
2026-09-15 21:40:00,0.1958,0.196,0.1958,0.1959,202839.6,39743.61095
2026-09-15 21:41:00,0.196,0.1961,0.1958,0.1961,99319.1,19462.81932
2026-09-15 21:42:00,0.196,0.1961,0.1958,0.1958,52864.2,10355.34737
2026-09-15 21:43:00,0.1959,0.196,0.1957,0.1958,137970.2,27021.89998
2026-09-15 21:44:00,0.1959,0.1959,0.1958,0.1959,16779.1,3287.02018
2026-09-15 21:45:00,0.1959,0.1959,0.1959,0.1959,89225.5,17479.27545
2026-09-15 21:46:00,0.1959,0.1959,0.1954,0.1955,129392.3,25342.41052
2026-09-15 21:47:00,0.1954,0.1956,0.1953,0.1956,115380.6,22538.68166
2026-09-15 21:48:00,0.1955,0.1957,0.1954,0.1955,10224.8,1999.86194
2026-09-15 21:49:00,0.1954,0.1954,0.1951,0.1952,58366.6,11398.78692
2026-09-15 21:50:00,0.1951,0.1953,0.1951,0.1952,13122.9,2561.7932
2026-09-15 21:51:00,0.1952,0.1952,0.1947,0.195,234203.7,45644.6061
2026-09-15 21:52:00,0.1949,0.1949,0.1946,0.1948,383805.2,74715.65804
2026-09-15 21:53:00,0.1948,0.195,0.1948,0.1949,52393.6,10212.45267
2026-09-15 21:54:00,0.1949,0.1949,0.1948,0.1948,18716.2,3647.4977
2026-09-15 21:55:00,0.1948,0.1948,0.1943,0.1945,176974.1,34421.08932
2026-09-15 21:56:00,0.1946,0.1946,0.1945,0.1945,9160.2,1781.67728
2026-09-15 21:57:00,0.1945,0.1946,0.1943,0.1945,64810.2,12603.731
2026-09-15 21:58:00,0.1945,0.1947,0.1941,0.1941,696828.9,135660.1169
2026-09-15 21:59:00,0.1941,0.1945,0.1939,0.1943,192548.7,37400.63928
2026-09-15 22:00:00,0.1942,0.1947,0.1939,0.1943,289782.3,56316.62259
2026-09-15 22:01:00,0.1943,0.1943,0.1941,0.1942,78255.4,15191.55229
2026-09-15 22:02:00,0.1943,0.1953,0.1943,0.1952,333933.7,65117.7316
2026-09-15 22:03:00,0.1952,0.1954,0.1949,0.1949,38659.8,7549.89387
2026-09-15 22:04:00,0.1949,0.1949,0.1947,0.1947,145210.3,28295.08484
2026-09-15 22:05:00,0.1947,0.1947,0.1944,0.1944,36170.1,7035.62436
2026-09-15 22:06:00,0.1945,0.1946,0.1942,0.1944,89010.5,17297.38263
2026-09-15 22:07:00,0.1944,0.1945,0.1943,0.1944,60268.3,11719.98348
2026-09-15 22:08:00,0.1945,0.1946,0.1943,0.1943,29168.8,5673.04216
2026-09-15 22:09:00,0.1942,0.1943,0.1941,0.1943,103674.7,20137.53042
2026-09-15 22:10:00,0.1942,0.1946,0.1941,0.1945,133038.7,25852.33623
2026-09-15 22:11:00,0.1946,0.1947,0.1942,0.1945,109771.2,21352.10321
2026-09-15 22:12:00,0.1945,0.1945,0.1941,0.1943,10897.8,2116.94718
2026-09-15 22:13:00,0.1943,0.1944,0.1942,0.1943,39637.7,7702.65109
2026-09-15 22:14:00,0.1943,0.1946,0.1942,0.1944,159684.7,31043.13353
2026-09-15 22:15:00,0.1945,0.1945,0.1941,0.1941,29877.4,5810.32816
2026-09-15 22:16:00,0.1941,0.1942,0.1939,0.194,142255.8,27609.25228
2026-09-15 22:17:00,0.194,0.1941,0.1938,0.1941,152883.6,29641.64019
2026-09-15 22:18:00,0.194,0.194,0.1936,0.1936,191667.4,37133.12471
2026-09-15 22:19:00,0.1936,0.1939,0.1936,0.1937,221892.3,42981.64262
2026-09-15 22:20:00,0.1938,0.194,0.1937,0.1937,257614.2,49946.70858
2026-09-15 22:21:00,0.1937,0.1939,0.1936,0.1938,301033.7,58307.60096
2026-09-15 22:22:00,0.1938,0.194,0.1938,0.1939,285322.2,55331.07437
2026-09-15 22:23:00,0.1939,0.194,0.1935,0.1937,206848.2,40076.34168
2026-09-15 22:24:00,0.1938,0.194,0.1938,0.1938,193609.2,37544.21631
2026-09-15 22:25:00,0.1938,0.1945,0.1938,0.1944,408426.3,79302.80529
2026-09-15 22:26:00,0.1944,0.1949,0.1944,0.1949,307623.7,59887.59394
2026-09-15 22:27:00,0.1949,0.1951,0.1948,0.195,123222.3,24016.86278
2026-09-15 22:28:00,0.1949,0.195,0.1946,0.1948,174959.5,34076.5688
2026-09-15 22:29:00,0.1948,0.1951,0.1946,0.1946,326147.6,63568.44704
2026-09-15 22:30:00,0.1946,0.195,0.1946,0.195,156184.6,30424.47113
2026-09-15 22:31:00,0.195,0.1953,0.1948,0.1951,309353.9,60336.68854
2026-09-15 22:32:00,0.1951,0.1951,0.1949,0.195,30940.8,6032.22662
2026-09-15 22:33:00,0.195,0.1953,0.1946,0.1951,452204.1,88176.53785
2026-09-15 22:34:00,0.1951,0.1953,0.195,0.1953,170494.1,33271.94822
2026-09-15 22:35:00,0.1952,0.1952,0.1949,0.1949,63514.7,12390.62593
2026-09-15 22:36:00,0.1949,0.195,0.1947,0.1949,187201.7,36479.75416
2026-09-15 22:37:00,0.1949,0.1952,0.1948,0.1952,109943.3,21444.27508
2026-09-15 22:38:00,0.1951,0.1953,0.195,0.1952,210722.1,41130.14496
2026-09-15 22:39:00,0.1952,0.1953,0.1948,0.195,321252.0,62666.11945
2026-09-15 22:40:00,0.195,0.195,0.1947,0.1947,122298.3,23830.35409
2026-09-15 22:41:00,0.1947,0.195,0.1947,0.1948,48429.8,9437.2511
2026-09-15 22:42:00,0.1949,0.195,0.1947,0.1947,77209.7,15045.19064
2026-09-15 22:43:00,0.1948,0.1949,0.1947,0.1948,52626.2,10252.3292
2026-09-15 22:44:00,0.1948,0.195,0.1948,0.1948,157540.5,30689.17389
2026-09-15 22:45:00,0.1947,0.195,0.1946,0.195,168580.1,32833.39261
2026-09-15 22:46:00,0.195,0.1952,0.195,0.1952,80607.4,15731.27681
2026-09-15 22:47:00,0.1953,0.1954,0.195,0.1953,58716.5,11463.85728
2026-09-15 22:48:00,0.1952,0.1955,0.1951,0.1954,87885.2,17172.50927
2026-09-15 22:49:00,0.1954,0.1954,0.1953,0.1953,110950.6,21676.21541
2026-09-15 22:50:00,0.1953,0.1955,0.1953,0.1955,43878.0,8573.72233
2026-09-15 22:51:00,0.1954,0.1957,0.1954,0.1956,56494.2,11050.92967
2026-09-15 22:52:00,0.1956,0.1958,0.1955,0.1955,80187.7,15685.72204
2026-09-15 22:53:00,0.1956,0.1957,0.1955,0.1955,35069.1,6858.98297
2026-09-15 22:54:00,0.1956,0.1957,0.1955,0.1956,6544.2,1280.0915
2026-09-15 22:55:00,0.1956,0.1956,0.1955,0.1956,21156.8,4137.78022
2026-09-15 22:56:00,0.1955,0.1955,0.1953,0.1954,105802.4,20674.25206
2026-09-15 22:57:00,0.1955,0.1957,0.1954,0.1956,131008.0,25617.96134
2026-09-15 22:58:00,0.1956,0.1957,0.1954,0.1954,61748.3,12069.4687
2026-09-15 22:59:00,0.1954,0.1954,0.1952,0.1953,79265.3,15476.69452
2026-09-15 23:00:00,0.1953,0.1956,0.1952,0.1955,17174.1,3354.96158
2026-09-15 23:01:00,0.1956,0.1956,0.1954,0.1956,46065.7,9008.36915
2026-09-15 23:02:00,0.1956,0.1956,0.1954,0.1956,74011.6,14463.50622
2026-09-15 23:03:00,0.1956,0.1957,0.1956,0.1957,16732.5,3273.06354
2026-09-15 23:04:00,0.1957,0.1958,0.1957,0.1957,16330.6,3195.90169
2026-09-15 23:05:00,0.1957,0.1959,0.1956,0.1958,27340.0,5351.33306
2026-09-15 23:06:00,0.1958,0.1959,0.1958,0.1959,19374.5,3794.96686
2026-09-15 23:07:00,0.1958,0.1959,0.1957,0.1958,13958.7,2733.30073
2026-09-15 23:08:00,0.1958,0.196,0.1958,0.196,4994.0,978.32158
2026-09-15 23:09:00,0.1959,0.1962,0.1958,0.1961,173808.8,34080.61814
2026-09-15 23:10:00,0.196,0.1962,0.196,0.1962,31730.9,6224.12361
2026-09-15 23:11:00,0.1962,0.1966,0.1962,0.1966,63768.8,12525.83273
2026-09-15 23:12:00,0.1965,0.1967,0.1965,0.1965,64589.7,12694.6392
2026-09-15 23:13:00,0.1966,0.1968,0.1966,0.1967,56166.5,11045.79448
2026-09-15 23:14:00,0.1967,0.1969,0.1967,0.1969,20938.1,4120.69172
2026-09-15 23:15:00,0.1969,0.197,0.1968,0.1969,55572.3,10943.3609
2026-09-15 23:16:00,0.1969,0.1969,0.1967,0.1968,93934.9,18481.03489
2026-09-15 23:17:00,0.1969,0.1969,0.1966,0.1968,64989.5,12787.12293
2026-09-15 23:18:00,0.1968,0.1969,0.1967,0.1968,57279.9,11272.88388
2026-09-15 23:19:00,0.1969,0.197,0.1969,0.197,11800.9,2324.75105
2026-09-15 23:20:00,0.1969,0.1969,0.1968,0.1969,7419.0,1460.59556
2026-09-15 23:21:00,0.1969,0.1969,0.1967,0.1967,2166.1,426.1337
2026-09-15 23:22:00,0.1968,0.197,0.1967,0.1967,266901.8,52556.70235
2026-09-15 23:23:00,0.1967,0.1968,0.1967,0.1968,27565.4,5422.24565
2026-09-15 23:24:00,0.1968,0.1968,0.1966,0.1967,9541.8,1876.78834
2026-09-15 23:25:00,0.1967,0.1968,0.1965,0.1966,83032.0,16325.66934
2026-09-15 23:26:00,0.1966,0.1966,0.1965,0.1965,56823.8,11167.5665
2026-09-15 23:27:00,0.1966,0.1966,0.1962,0.1964,63959.3,12557.64306
2026-09-15 23:28:00,0.1963,0.1967,0.1963,0.1966,235937.2,46371.24682
2026-09-15 23:29:00,0.1965,0.1965,0.1963,0.1964,65763.0,12916.5838
2026-09-15 23:30:00,0.1964,0.1964,0.1957,0.1958,126051.8,24725.6451
2026-09-15 23:31:00,0.1959,0.1959,0.1958,0.1958,29531.9,5784.50422
2026-09-15 23:32:00,0.1958,0.1958,0.1955,0.1957,179223.5,35050.98577
2026-09-15 23:33:00,0.1958,0.1961,0.1958,0.196,75164.1,14730.42664
2026-09-15 23:34:00,0.1961,0.1965,0.196,0.196,690246.4,135531.3576
2026-09-15 23:35:00,0.196,0.1961,0.1959,0.1961,146406.3,28695.77879
2026-09-15 23:36:00,0.196,0.196,0.1957,0.1958,64138.6,12564.12386
2026-09-15 23:37:00,0.1957,0.1957,0.1955,0.1956,5911.3,1156.43004
2026-09-15 23:38:00,0.1956,0.1956,0.1954,0.1955,29953.1,5855.828
2026-09-15 23:39:00,0.1954,0.1955,0.1954,0.1954,98750.8,19302.7418
2026-09-15 23:40:00,0.1954,0.1958,0.1953,0.1958,256611.5,50172.8319
2026-09-15 23:41:00,0.1957,0.1958,0.1956,0.1958,103429.9,20241.0616
2026-09-15 23:42:00,0.1957,0.1958,0.1956,0.1958,62993.1,12326.64864
2026-09-15 23:43:00,0.1957,0.1959,0.1957,0.1959,16617.6,3253.61849
2026-09-15 23:44:00,0.1959,0.196,0.1958,0.196,27213.2,5331.30908
2026-09-15 23:45:00,0.196,0.196,0.1959,0.1959,26227.5,5138.37663
2026-09-15 23:46:00,0.196,0.196,0.1959,0.196,21874.8,4287.4052
2026-09-15 23:47:00,0.196,0.196,0.1957,0.1957,307174.1,60150.77196
2026-09-15 23:48:00,0.1957,0.1957,0.1956,0.1956,65409.8,12794.29371
2026-09-15 23:49:00,0.1957,0.1957,0.1955,0.1955,11977.7,2343.11223
2026-09-15 23:50:00,0.1954,0.1957,0.1954,0.1957,144979.3,28345.46836
2026-09-15 23:51:00,0.1958,0.1958,0.1956,0.1957,13333.4,2609.3622
2026-09-15 23:52:00,0.1957,0.1957,0.1956,0.1957,22208.0,4346.08436
2026-09-15 23:53:00,0.1957,0.1958,0.1957,0.1958,4990.4,976.77434
2026-09-15 23:54:00,0.1957,0.1957,0.1955,0.1956,8700.3,1701.98486
2026-09-15 23:55:00,0.1956,0.1957,0.1955,0.1957,38877.7,7604.48739
2026-09-15 23:56:00,0.1956,0.1956,0.1953,0.1954,10979.7,2146.50912
2026-09-15 23:57:00,0.1953,0.1955,0.1953,0.1954,26936.0,5263.1867
2026-09-15 23:58:00,0.1955,0.1955,0.1954,0.1955,19322.9,3777.10649
2026-09-15 23:59:00,0.1956,0.1956,0.1954,0.1954,58919.8,11513.70733
2026-09-16 00:00:00,0.1954,0.1955,0.1952,0.1952,38805.9,7578.92294
2026-09-16 00:01:00,0.1953,0.1953,0.195,0.195,24549.2,4791.08484
2026-09-16 00:02:00,0.195,0.1952,0.195,0.1952,50779.7,9903.54749
2026-09-16 00:03:00,0.1953,0.1955,0.1953,0.1954,11917.5,2328.41285
2026-09-16 00:04:00,0.1954,0.1954,0.1952,0.1953,180962.3,35339.22614
2026-09-16 00:05:00,0.1953,0.1956,0.1953,0.1955,33741.5,6595.51898
2026-09-16 00:06:00,0.1954,0.1955,0.1953,0.1954,70183.1,13710.1398
2026-09-16 00:07:00,0.1954,0.1955,0.1952,0.1952,101212.9,19778.83916
2026-09-16 00:08:00,0.1953,0.1954,0.1953,0.1953,35597.4,6952.19311
2026-09-16 00:09:00,0.1953,0.1953,0.1951,0.1951,13205.8,2576.93797
2026-09-16 00:10:00,0.1951,0.1951,0.1948,0.1948,62120.6,12111.48104
2026-09-16 00:11:00,0.1948,0.1951,0.1946,0.1951,94866.7,18488.01717
2026-09-16 00:12:00,0.1951,0.1951,0.1949,0.1949,63879.3,12451.88657
2026-09-16 00:13:00,0.1949,0.1949,0.1947,0.1947,4841.4,942.94624
2026-09-16 00:14:00,0.1947,0.1947,0.1946,0.1946,72905.9,14188.90635
2026-09-16 00:15:00,0.1947,0.1949,0.1946,0.1949,64517.3,12561.57172
2026-09-16 00:16:00,0.1949,0.1949,0.1947,0.1949,15296.6,2979.9821
2026-09-16 00:17:00,0.1949,0.1949,0.1948,0.1948,2296.4,447.51093
2026-09-16 00:18:00,0.1948,0.1949,0.1948,0.1948,54660.7,10648.0727
2026-09-16 00:19:00,0.1949,0.1951,0.1949,0.1951,113395.6,22118.87774
2026-09-16 00:20:00,0.1951,0.1953,0.195,0.1952,82538.8,16105.44359
2026-09-16 00:21:00,0.1952,0.1953,0.1951,0.1952,40550.9,7914.55902
2026-09-16 00:22:00,0.1952,0.1952,0.1949,0.1951,234638.8,45774.67365
2026-09-16 00:23:00,0.195,0.1955,0.195,0.1955,20081.0,3919.95575
2026-09-16 00:24:00,0.1954,0.1955,0.1953,0.1954,43278.9,8454.73379
2026-09-16 00:25:00,0.1953,0.1954,0.1953,0.1953,23506.7,4590.90763
2026-09-16 00:26:00,0.1954,0.1954,0.1953,0.1953,30912.0,6037.43087
2026-09-16 00:27:00,0.1954,0.1954,0.1953,0.1953,16145.9,3153.51734
2026-09-16 00:28:00,0.1952,0.1953,0.195,0.1952,402714.7,78589.54336
2026-09-16 00:29:00,0.1952,0.1954,0.1952,0.1954,12830.7,2506.39065
2026-09-16 00:30:00,0.1955,0.1956,0.1954,0.1954,57296.2,11201.11949
2026-09-16 00:31:00,0.1955,0.1955,0.1953,0.1954,33689.8,6582.30095
2026-09-16 00:32:00,0.1954,0.1956,0.1954,0.1955,54916.3,10735.22172
2026-09-16 00:33:00,0.1955,0.1956,0.1954,0.1954,31019.2,6063.48515
2026-09-16 00:34:00,0.1954,0.1954,0.1952,0.1952,33616.7,6565.99627
2026-09-16 00:35:00,0.1951,0.1951,0.195,0.195,35795.7,6983.24644
2026-09-16 00:36:00,0.1951,0.1951,0.1949,0.195,14303.7,2789.21253
2026-09-16 00:37:00,0.1949,0.1951,0.1949,0.195,19942.0,3888.83959
2026-09-16 00:38:00,0.1951,0.1952,0.1951,0.1952,29846.6,5825.21617
2026-09-16 00:39:00,0.1951,0.1954,0.1951,0.1953,7389.7,1442.69714
2026-09-16 00:40:00,0.1954,0.1954,0.1952,0.1952,21512.9,4200.14226
2026-09-16 00:41:00,0.1952,0.1952,0.195,0.195,50305.1,9812.50475
2026-09-16 00:42:00,0.195,0.195,0.1948,0.1948,12120.9,2361.47291
2026-09-16 00:43:00,0.1947,0.1947,0.1945,0.1946,55968.6,10891.25956
2026-09-16 00:44:00,0.1946,0.1947,0.1946,0.1947,27672.8,5387.02943
2026-09-16 00:45:00,0.1948,0.1949,0.1947,0.1947,29160.9,5681.09375
2026-09-16 00:46:00,0.1947,0.1947,0.1945,0.1945,15246.7,2967.27052
2026-09-16 00:47:00,0.1946,0.1949,0.1945,0.1948,275534.3,53634.26502
2026-09-16 00:48:00,0.1948,0.195,0.1948,0.195,64395.1,12545.0593
2026-09-16 00:49:00,0.195,0.195,0.1946,0.1947,17766.6,3462.01509
2026-09-16 00:50:00,0.1947,0.1947,0.1946,0.1946,3740.7,728.19
2026-09-16 00:51:00,0.1946,0.1947,0.1945,0.1945,130821.2,25446.42823
2026-09-16 00:52:00,0.1945,0.1945,0.194,0.1942,631744.8,122763.7913
2026-09-16 00:53:00,0.1942,0.1943,0.194,0.1941,266679.9,51770.44293
2026-09-16 00:54:00,0.1941,0.1941,0.194,0.194,41867.0,8122.53905
2026-09-16 00:55:00,0.194,0.1942,0.194,0.1942,97721.8,18962.91387
2026-09-16 00:56:00,0.1941,0.1942,0.194,0.1941,40631.4,7886.53691
2026-09-16 00:57:00,0.194,0.1941,0.1939,0.1939,30105.0,5840.51836
2026-09-16 00:58:00,0.1939,0.1944,0.1939,0.1944,266007.8,51646.19183
2026-09-16 00:59:00,0.1944,0.1945,0.1942,0.1942,87485.3,17007.75851
2026-09-16 01:00:00,0.1942,0.1945,0.1942,0.1944,61636.0,11981.85544
2026-09-16 01:01:00,0.1944,0.1947,0.1944,0.1945,69176.1,13459.51811
2026-09-16 01:02:00,0.1945,0.1946,0.1943,0.1944,135266.3,26298.94945
2026-09-16 01:03:00,0.1944,0.1945,0.1943,0.1943,124094.2,24122.73926
2026-09-16 01:04:00,0.1943,0.1943,0.1937,0.1941,258144.3,50071.27841
2026-09-16 01:05:00,0.194,0.194,0.1939,0.194,34114.8,6618.1291
2026-09-16 01:06:00,0.194,0.1942,0.194,0.1942,20338.0,3947.65017
2026-09-16 01:07:00,0.1943,0.1943,0.194,0.1941,20371.6,3957.20664
2026-09-16 01:08:00,0.1941,0.1943,0.1941,0.1943,27947.2,5426.17774
2026-09-16 01:09:00,0.1943,0.1943,0.1942,0.1943,13253.8,2575.19214
2026-09-16 01:10:00,0.1943,0.1946,0.1943,0.1946,23235.5,4516.57547
2026-09-16 01:11:00,0.1947,0.1948,0.1947,0.1948,2771.5,539.61361
2026-09-16 01:12:00,0.1947,0.1947,0.1943,0.1944,28617.1,5569.64288
2026-09-16 01:13:00,0.1944,0.1946,0.1944,0.1946,51916.7,10098.36182
2026-09-16 01:14:00,0.1947,0.1948,0.1947,0.1948,82617.8,16093.76501
2026-09-16 01:15:00,0.1947,0.1947,0.1945,0.1946,55121.8,10726.38026
2026-09-16 01:16:00,0.1946,0.1947,0.1946,0.1947,14242.5,2771.83675
2026-09-16 01:17:00,0.1946,0.1947,0.1946,0.1947,53186.5,10350.51217
2026-09-16 01:18:00,0.1947,0.1948,0.1946,0.1948,7908.7,1539.45177
2026-09-16 01:19:00,0.1948,0.1948,0.1947,0.1948,19510.3,3799.77732
2026-09-16 01:20:00,0.1948,0.1949,0.1948,0.1948,6144.0,1196.85913
2026-09-16 01:21:00,0.1949,0.1951,0.1949,0.195,19690.1,3840.66926
2026-09-16 01:22:00,0.195,0.1951,0.195,0.195,29347.1,5723.93718
2026-09-16 01:23:00,0.195,0.1953,0.1949,0.1952,199967.5,39020.11159
2026-09-16 01:24:00,0.1952,0.1953,0.1952,0.1952,12828.8,2504.2819
2026-09-16 01:25:00,0.1953,0.1954,0.1952,0.1954,24263.1,4740.60696
2026-09-16 01:26:00,0.1953,0.1954,0.1951,0.1951,5302.6,1034.98932
2026-09-16 01:27:00,0.195,0.1951,0.195,0.1951,41179.9,8033.29359
2026-09-16 01:28:00,0.195,0.1951,0.1949,0.1951,4840.1,943.92519
2026-09-16 01:29:00,0.1952,0.1952,0.1946,0.1948,429653.4,83703.43783
2026-09-16 01:30:00,0.1947,0.1948,0.1947,0.1947,39559.4,7702.30612
2026-09-16 01:31:00,0.1947,0.1948,0.1946,0.1946,154371.2,30042.4202
2026-09-16 01:32:00,0.1946,0.1947,0.1946,0.1947,91432.0,17795.14058
2026-09-16 01:33:00,0.1946,0.1946,0.1931,0.1935,1491514.0,289027.85478
2026-09-16 01:34:00,0.1935,0.1938,0.1935,0.1935,752075.9,145588.42898
2026-09-16 01:35:00,0.1936,0.1939,0.1935,0.1938,287994.6,55792.7711
2026-09-16 01:36:00,0.1938,0.1938,0.1934,0.1934,214195.0,41477.49812
2026-09-16 01:37:00,0.1934,0.1936,0.1931,0.1932,287417.8,55590.16049
2026-09-16 01:38:00,0.1933,0.1934,0.1931,0.1933,21841.5,4220.26103
2026-09-16 01:39:00,0.1934,0.1934,0.193,0.1931,20547.6,3967.2503
2026-09-16 01:40:00,0.1931,0.1933,0.1931,0.1933,27253.6,5263.13071
2026-09-16 01:41:00,0.1932,0.1936,0.1932,0.1936,63694.8,12320.51798
2026-09-16 01:42:00,0.1935,0.1937,0.1935,0.1935,53107.3,10279.22699
2026-09-16 01:43:00,0.1935,0.1936,0.1933,0.1935,41966.2,8119.63061
2026-09-16 01:44:00,0.1934,0.1934,0.1934,0.1934,16600.3,3210.49802
2026-09-16 01:45:00,0.1934,0.1937,0.1934,0.1936,2041.6,395.2327
2026-09-16 01:46:00,0.1936,0.1937,0.1933,0.1933,15338.4,2967.14892
2026-09-16 01:47:00,0.1933,0.1933,0.1928,0.1931,252396.8,48714.94787
2026-09-16 01:48:00,0.1931,0.1931,0.1928,0.1929,54229.4,10465.3101
2026-09-16 01:49:00,0.1929,0.193,0.1929,0.193,24532.7,4733.20611
2026-09-16 01:50:00,0.1929,0.1929,0.1926,0.1927,104654.4,20167.76087
2026-09-16 01:51:00,0.1927,0.1929,0.1927,0.1928,25564.2,4928.06483
2026-09-16 01:52:00,0.1928,0.1929,0.1927,0.1929,31275.5,6029.83245
2026-09-16 01:53:00,0.1929,0.193,0.1927,0.1927,16727.9,3227.13276
2026-09-16 01:54:00,0.1928,0.1929,0.1927,0.1928,15658.2,3018.91055
2026-09-16 01:55:00,0.1928,0.1928,0.1923,0.1924,250943.7,48309.58485
2026-09-16 01:56:00,0.1924,0.1925,0.1922,0.1923,121525.6,23376.53894
2026-09-16 01:57:00,0.1923,0.1924,0.1923,0.1923,25522.3,4908.5381
2026-09-16 01:58:00,0.1924,0.1926,0.1924,0.1925,69907.8,13451.39327
2026-09-16 01:59:00,0.1925,0.1925,0.1924,0.1924,6316.8,1215.35653
2026-09-16 02:00:00,0.1925,0.1928,0.1924,0.1927,252891.6,48717.62531
2026-09-16 02:01:00,0.1927,0.1928,0.1926,0.1927,43909.2,8464.64676
2026-09-16 02:02:00,0.1928,0.193,0.1928,0.193,24048.9,4637.68242
2026-09-16 02:03:00,0.193,0.1931,0.1927,0.1927,24272.0,4681.91658
2026-09-16 02:04:00,0.1927,0.1928,0.1925,0.1926,46322.5,8925.84179
2026-09-16 02:05:00,0.1927,0.1928,0.1926,0.1928,31473.1,6065.0366
2026-09-16 02:06:00,0.1927,0.1929,0.1925,0.1927,313199.1,60347.15632
2026-09-16 02:07:00,0.1927,0.1928,0.1925,0.1926,55010.5,10601.10291
2026-09-16 02:08:00,0.1927,0.1927,0.1926,0.1927,22477.8,4331.291
2026-09-16 02:09:00,0.1928,0.1928,0.1926,0.1928,29559.6,5694.42959
2026-09-16 02:10:00,0.1928,0.193,0.1927,0.1929,61155.4,11794.82328
2026-09-16 02:11:00,0.1928,0.1929,0.1926,0.1926,42933.0,8272.24853
2026-09-16 02:12:00,0.1925,0.1928,0.1923,0.1927,431671.1,83155.61481
2026-09-16 02:13:00,0.1927,0.1932,0.1927,0.1931,40520.5,7814.70702
2026-09-16 02:14:00,0.1932,0.1932,0.1929,0.193,142842.2,27570.30607
2026-09-16 02:15:00,0.193,0.1934,0.193,0.1933,12440.4,2403.68041
2026-09-16 02:16:00,0.1933,0.1936,0.1932,0.1936,11193.0,2165.30454
2026-09-16 02:17:00,0.1936,0.1938,0.1935,0.1937,373461.0,72316.66573
2026-09-16 02:18:00,0.1938,0.1938,0.1935,0.1936,32734.5,6337.78324
2026-09-16 02:19:00,0.1937,0.1939,0.1937,0.1939,62996.3,12208.64923
2026-09-16 02:20:00,0.1939,0.194,0.1939,0.194,5806.1,1126.17507
2026-09-16 02:21:00,0.194,0.194,0.1938,0.1939,10448.8,2026.41104
2026-09-16 02:22:00,0.1938,0.1939,0.1937,0.1937,9322.6,1807.02587
2026-09-16 02:23:00,0.1937,0.1937,0.1936,0.1937,27727.6,5370.74405
2026-09-16 02:24:00,0.1937,0.1939,0.1937,0.1938,4435.1,859.27302
2026-09-16 02:25:00,0.1939,0.194,0.1939,0.1939,11112.4,2154.75133
2026-09-16 02:26:00,0.1939,0.1939,0.1938,0.1939,63452.5,12297.12971
2026-09-16 02:27:00,0.1939,0.194,0.1939,0.1939,11685.4,2265.9579
2026-09-16 02:28:00,0.1939,0.1941,0.1939,0.1939,13214.5,2563.59177
2026-09-16 02:29:00,0.194,0.1941,0.194,0.1941,9143.4,1774.5316
2026-09-16 02:30:00,0.1942,0.1946,0.1941,0.1945,93174.7,18124.69731
2026-09-16 02:31:00,0.1946,0.1947,0.1945,0.1946,51343.1,9992.84723
2026-09-16 02:32:00,0.1947,0.195,0.1945,0.1945,41404.3,8065.4734
2026-09-16 02:33:00,0.1945,0.1945,0.1944,0.1945,1517.3,295.00346
2026-09-16 02:34:00,0.1945,0.1948,0.1944,0.1948,30153.4,5866.40167
2026-09-16 02:35:00,0.1947,0.1949,0.1947,0.1949,59359.5,11564.14999
2026-09-16 02:36:00,0.195,0.1954,0.195,0.1952,151469.6,29574.93086
2026-09-16 02:37:00,0.1952,0.1952,0.1951,0.1952,41451.1,8087.62767
2026-09-16 02:38:00,0.1952,0.1952,0.1951,0.1951,12658.4,2470.89455
2026-09-16 02:39:00,0.1952,0.1953,0.1951,0.1951,14610.2,2851.8946
2026-09-16 02:40:00,0.1951,0.1952,0.195,0.195,4026.7,785.57324
2026-09-16 02:41:00,0.195,0.1951,0.195,0.195,45041.6,8786.20543
2026-09-16 02:42:00,0.1951,0.1951,0.1949,0.1949,35705.1,6961.17517
2026-09-16 02:43:00,0.1949,0.1949,0.1948,0.1948,7434.7,1448.67904
2026-09-16 02:44:00,0.1948,0.1948,0.1946,0.1947,24850.7,4838.53629
2026-09-16 02:45:00,0.1947,0.1947,0.1946,0.1946,2784.5,541.90496
2026-09-16 02:46:00,0.1945,0.1947,0.1945,0.1947,12225.6,2379.09454
2026-09-16 02:47:00,0.1946,0.1947,0.1945,0.1946,64503.6,12554.24216
2026-09-16 02:48:00,0.1946,0.1947,0.1945,0.1946,8422.1,1638.9042
2026-09-16 02:49:00,0.1946,0.1948,0.1946,0.1948,10856.1,2113.12544
2026-09-16 02:50:00,0.1948,0.1948,0.1946,0.1946,2847.7,554.30696
2026-09-16 02:51:00,0.1946,0.1947,0.1946,0.1946,4294.6,835.81243
2026-09-16 02:52:00,0.1946,0.1946,0.1945,0.1945,2539.6,493.96569
2026-09-16 02:53:00,0.1944,0.1945,0.1943,0.1945,77308.3,15028.68171
2026-09-16 02:54:00,0.1945,0.1945,0.1942,0.1942,43720.4,8491.09875
2026-09-16 02:55:00,0.1941,0.1942,0.1941,0.1942,11847.8,2300.82899
2026-09-16 02:56:00,0.1941,0.1943,0.1939,0.194,76517.9,14846.13794
2026-09-16 02:57:00,0.1941,0.1942,0.1938,0.1941,279128.7,54166.40815
2026-09-16 02:58:00,0.1942,0.1945,0.1942,0.1945,6649.0,1292.46582
2026-09-16 02:59:00,0.1945,0.1945,0.1944,0.1945,6418.7,1248.4334
2026-09-16 03:00:00,0.1945,0.1946,0.1944,0.1946,48340.6,9402.13629
2026-09-16 03:01:00,0.1946,0.1949,0.1946,0.1948,73500.2,14317.29106
2026-09-16 03:02:00,0.1947,0.1949,0.1946,0.1949,8780.9,1709.92162
2026-09-16 03:03:00,0.1948,0.1948,0.1943,0.1945,341658.3,66456.87161
2026-09-16 03:04:00,0.1946,0.1948,0.1944,0.1945,11459.8,2230.91539
2026-09-16 03:05:00,0.1945,0.1946,0.1945,0.1945,781.1,151.93964
2026-09-16 03:06:00,0.1945,0.1946,0.1945,0.1945,8719.3,1696.32949
2026-09-16 03:07:00,0.1945,0.1946,0.1944,0.1944,40774.1,7933.65167
2026-09-16 03:08:00,0.1944,0.1945,0.1943,0.1944,6172.8,1199.9552
2026-09-16 03:09:00,0.1944,0.1948,0.1943,0.1946,406206.1,79035.52529
2026-09-16 03:10:00,0.1946,0.1947,0.1946,0.1946,2085.2,405.87019
2026-09-16 03:11:00,0.1947,0.1951,0.1947,0.195,54272.0,10581.60063
2026-09-16 03:12:00,0.195,0.1952,0.195,0.1951,34818.2,6793.24526
2026-09-16 03:13:00,0.1951,0.1953,0.1951,0.1953,8417.3,1643.77293
2026-09-16 03:14:00,0.1953,0.1955,0.1953,0.1954,72380.2,14143.30922
2026-09-16 03:15:00,0.1954,0.1957,0.1953,0.1956,68735.8,13440.18624
2026-09-16 03:16:00,0.1955,0.1958,0.1955,0.1957,40802.0,7985.03542
2026-09-16 03:17:00,0.1957,0.1959,0.1956,0.1959,16602.1,3249.66797
2026-09-16 03:18:00,0.1958,0.1959,0.1957,0.1959,25869.3,5065.2422
2026-09-16 03:19:00,0.1959,0.1959,0.1954,0.1956,516272.9,101030.11744
2026-09-16 03:20:00,0.1956,0.1957,0.1956,0.1956,64219.2,12563.35363
2026-09-16 03:21:00,0.1957,0.1958,0.1956,0.1958,198494.6,38858.82476
2026-09-16 03:22:00,0.1958,0.1959,0.1957,0.1958,96527.1,18894.19725
2026-09-16 03:23:00,0.1958,0.1959,0.1957,0.1957,181053.7,35455.72942
2026-09-16 03:24:00,0.1957,0.1957,0.1955,0.1955,64976.9,12705.87529
2026-09-16 03:25:00,0.1955,0.1955,0.1954,0.1954,7979.4,1559.58879
2026-09-16 03:26:00,0.1954,0.1956,0.1954,0.1954,49717.5,9715.09107
2026-09-16 03:27:00,0.1954,0.1955,0.1952,0.1953,20367.2,3979.5037
2026-09-16 03:28:00,0.1952,0.1955,0.1952,0.1953,206654.7,40378.74884
2026-09-16 03:29:00,0.1953,0.1953,0.195,0.195,12466.0,2431.45793
2026-09-16 03:30:00,0.1951,0.1952,0.195,0.195,60327.5,11770.23092
2026-09-16 03:31:00,0.195,0.1953,0.1949,0.1953,267588.8,52202.55292
2026-09-16 03:32:00,0.1953,0.1954,0.1953,0.1954,59852.0,11694.96289
2026-09-16 03:33:00,0.1954,0.1954,0.1951,0.1951,11272.0,2201.29879
2026-09-16 03:34:00,0.1951,0.1952,0.1951,0.1951,1535.9,299.65784
2026-09-16 03:35:00,0.195,0.195,0.1948,0.1949,4910.0,956.90767
2026-09-16 03:36:00,0.1949,0.195,0.1946,0.1946,19924.0,3882.61219
2026-09-16 03:37:00,0.1946,0.1947,0.1945,0.1945,13479.7,2623.13217
2026-09-16 03:38:00,0.1945,0.1945,0.1943,0.1943,12857.0,2500.35197
2026-09-16 03:39:00,0.1944,0.1947,0.1943,0.1946,15604.0,3035.2451
2026-09-16 03:40:00,0.1946,0.1948,0.1946,0.1947,22287.1,4339.1371
2026-09-16 03:41:00,0.1947,0.1947,0.1947,0.1947,14484.2,2820.07374
2026-09-16 03:42:00,0.1947,0.1947,0.1945,0.1945,215767.2,41993.24438
2026-09-16 03:43:00,0.1946,0.1948,0.1946,0.1947,13606.0,2648.11593
2026-09-16 03:44:00,0.1948,0.1948,0.1946,0.1947,35286.7,6870.46228
2026-09-16 03:45:00,0.1947,0.1949,0.1947,0.1949,51970.7,10127.49959
2026-09-16 03:46:00,0.1949,0.1949,0.1946,0.1947,3558.8,692.78748
2026-09-16 03:47:00,0.1948,0.1948,0.1946,0.1947,17683.5,3443.03743
2026-09-16 03:48:00,0.1947,0.1948,0.1946,0.1948,545.3,106.17791
2026-09-16 03:49:00,0.1948,0.1948,0.1947,0.1948,1201.6,234.06867
2026-09-16 03:50:00,0.1947,0.1948,0.1946,0.1947,14490.5,2820.26502
2026-09-16 03:51:00,0.1948,0.1948,0.1946,0.1947,5924.4,1153.46796
2026-09-16 03:52:00,0.1946,0.1946,0.1946,0.1946,756.3,147.17598
2026-09-16 03:53:00,0.1946,0.1947,0.1946,0.1947,11861.2,2309.28001
2026-09-16 03:54:00,0.1947,0.1947,0.1947,0.1947,0.0,0.0
2026-09-16 03:55:00,0.1947,0.1947,0.1947,0.1947,2214.0,431.0658
2026-09-16 03:56:00,0.1948,0.1949,0.1948,0.1948,6613.0,1288.35864
2026-09-16 03:57:00,0.1948,0.1949,0.1946,0.1947,87168.4,16974.60665
2026-09-16 03:58:00,0.1948,0.1949,0.1948,0.1948,8175.6,1592.61187
2026-09-16 03:59:00,0.1949,0.1949,0.1947,0.1948,5957.2,1160.54241
2026-09-16 04:00:00,0.1948,0.195,0.1948,0.195,66239.3,12915.80119
2026-09-16 04:01:00,0.195,0.195,0.1949,0.1949,11698.8,2280.21821
2026-09-16 04:02:00,0.1949,0.1949,0.1949,0.1949,42467.3,8276.87677
2026-09-16 04:03:00,0.195,0.1952,0.195,0.1952,14883.0,2903.56516
2026-09-16 04:04:00,0.1953,0.1955,0.1953,0.1955,30234.6,5908.91836
2026-09-16 04:05:00,0.1955,0.1955,0.1952,0.1953,58434.9,11412.51226
2026-09-16 04:06:00,0.1952,0.1955,0.1952,0.1954,155809.1,30442.77659
2026-09-16 04:07:00,0.1954,0.1955,0.1954,0.1954,5138.4,1004.21548
2026-09-16 04:08:00,0.1954,0.1955,0.1954,0.1954,2567.0,501.61515
2026-09-16 04:09:00,0.1954,0.1955,0.1954,0.1954,24474.6,4782.34882
2026-09-16 04:10:00,0.1954,0.1955,0.1954,0.1954,2471.9,483.05722
2026-09-16 04:11:00,0.1955,0.1957,0.1954,0.1957,54239.2,10605.28149
2026-09-16 04:12:00,0.1957,0.1957,0.1954,0.1954,98802.6,19315.27087
2026-09-16 04:13:00,0.1954,0.1955,0.1954,0.1955,5915.4,1156.16561
2026-09-16 04:14:00,0.1955,0.1956,0.1954,0.1954,676.4,132.23057
2026-09-16 04:15:00,0.1954,0.1955,0.1953,0.1953,13256.1,2589.75116
2026-09-16 04:16:00,0.1954,0.1954,0.1953,0.1954,6002.5,1172.87837
2026-09-16 04:17:00,0.1954,0.1954,0.1954,0.1954,41382.9,8086.21866
2026-09-16 04:18:00,0.1953,0.1954,0.1953,0.1954,3327.5,650.11254
2026-09-16 04:19:00,0.1953,0.1953,0.1951,0.1951,57877.4,11294.70783
2026-09-16 04:20:00,0.1951,0.1958,0.1951,0.1957,255020.2,49821.23332
2026-09-16 04:21:00,0.1957,0.1963,0.1956,0.196,248016.4,48634.8661
2026-09-16 04:22:00,0.196,0.1964,0.1956,0.1964,532680.5,104496.34352
2026-09-16 04:23:00,0.1964,0.197,0.1964,0.1966,430448.4,84646.17548
2026-09-16 04:24:00,0.1966,0.1966,0.1962,0.1963,127714.2,25073.82665
2026-09-16 04:25:00,0.1963,0.1963,0.196,0.196,75492.5,14801.57461
2026-09-16 04:26:00,0.1959,0.1961,0.1959,0.1961,33258.5,6518.97147
2026-09-16 04:27:00,0.1961,0.1961,0.1955,0.1957,412735.6,80774.09181
2026-09-16 04:28:00,0.1958,0.1958,0.1956,0.1958,36802.5,7202.15632
2026-09-16 04:29:00,0.1958,0.1959,0.1958,0.1958,13456.7,2634.92887
2026-09-16 04:30:00,0.1958,0.1958,0.1956,0.1957,12006.5,2350.60686
2026-09-16 04:31:00,0.1957,0.1958,0.1957,0.1957,62120.0,12156.94871
2026-09-16 04:32:00,0.1958,0.1959,0.1958,0.1958,26167.3,5125.92728
2026-09-16 04:33:00,0.1958,0.1959,0.1958,0.1958,35716.1,6993.40531
2026-09-16 04:34:00,0.1958,0.1962,0.1957,0.1962,467463.0,91624.25423
2026-09-16 04:35:00,0.1962,0.1962,0.1959,0.1961,207278.0,40636.02103
2026-09-16 04:36:00,0.1961,0.1962,0.1961,0.1962,34757.1,6817.92816
2026-09-16 04:37:00,0.1962,0.1964,0.1961,0.1963,208428.3,40904.99002
2026-09-16 04:38:00,0.1964,0.1965,0.1963,0.1963,51563.8,10122.50377
2026-09-16 04:39:00,0.1964,0.1967,0.1964,0.1966,58105.8,11423.35318
2026-09-16 04:40:00,0.1966,0.1966,0.1965,0.1965,69489.2,13654.63636
2026-09-16 04:41:00,0.1965,0.1967,0.1964,0.1966,143940.2,28304.39614
2026-09-16 04:42:00,0.1966,0.1967,0.1966,0.1967,29955.4,5889.55582
2026-09-16 04:43:00,0.1967,0.1967,0.196,0.1961,393044.1,77126.84499
2026-09-16 04:44:00,0.1961,0.1961,0.1961,0.1961,782.4,153.42864
2026-09-16 04:45:00,0.1961,0.1962,0.1961,0.1962,23235.5,4556.99899
2026-09-16 04:46:00,0.1962,0.1962,0.196,0.1961,7077.4,1387.78365
2026-09-16 04:47:00,0.1961,0.1962,0.1959,0.1959,2425.4,475.49604
2026-09-16 04:48:00,0.1959,0.196,0.1958,0.1958,1172.5,229.67874
2026-09-16 04:49:00,0.1958,0.1959,0.1958,0.1959,8464.9,1657.97056
2026-09-16 04:50:00,0.1959,0.1959,0.1956,0.1958,153705.0,30078.50515
2026-09-16 04:51:00,0.1957,0.1957,0.1956,0.1956,7091.9,1387.25588
2026-09-16 04:52:00,0.1956,0.1956,0.1955,0.1956,5092.5,996.08414
2026-09-16 04:53:00,0.1956,0.1957,0.1956,0.1957,5054.6,988.68231
2026-09-16 04:54:00,0.1957,0.1957,0.1956,0.1956,1185.3,231.86346
2026-09-16 04:55:00,0.1956,0.1956,0.1956,0.1956,1319.2,258.03552
2026-09-16 04:56:00,0.1957,0.1957,0.1955,0.1955,21153.0,4136.9523
2026-09-16 04:57:00,0.1955,0.1959,0.1955,0.1956,278320.8,54452.52085
2026-09-16 04:58:00,0.1957,0.1958,0.1957,0.1958,1133.1,221.81994
2026-09-16 04:59:00,0.1959,0.1959,0.1957,0.1957,12236.1,2396.37336
2026-09-16 05:00:00,0.1957,0.1959,0.1957,0.1957,11719.6,2294.17265
2026-09-16 05:01:00,0.1957,0.1957,0.1955,0.1955,21056.9,4119.48945
2026-09-16 05:02:00,0.1954,0.1954,0.1946,0.1947,132186.1,25780.06744
2026-09-16 05:03:00,0.1947,0.1949,0.1946,0.1948,43296.2,8430.11992
2026-09-16 05:04:00,0.1948,0.1948,0.1945,0.1948,93601.7,18216.73532
2026-09-16 05:05:00,0.1949,0.1951,0.1947,0.1947,6995.8,1363.07244
2026-09-16 05:06:00,0.1947,0.1948,0.1946,0.1946,326552.3,63552.21999
2026-09-16 05:07:00,0.1947,0.1948,0.1947,0.1948,55527.3,10813.73067
2026-09-16 05:08:00,0.1947,0.1949,0.1947,0.1949,4956.7,965.90813
2026-09-16 05:09:00,0.1949,0.1952,0.1949,0.1952,3127.7,610.06613
2026-09-16 05:10:00,0.1952,0.1954,0.1952,0.1953,39936.2,7796.84495
2026-09-16 05:11:00,0.1953,0.1953,0.1952,0.1953,39549.8,7723.37351
2026-09-16 05:12:00,0.1953,0.1953,0.1951,0.1951,18004.2,3515.20958
2026-09-16 05:13:00,0.1951,0.1952,0.195,0.1952,4984.4,972.36949
2026-09-16 05:14:00,0.1953,0.1953,0.1952,0.1952,427.7,83.50155
2026-09-16 05:15:00,0.1951,0.1952,0.1951,0.1952,4172.5,814.41828
2026-09-16 05:16:00,0.1952,0.1953,0.1951,0.1952,12168.5,2375.20458
2026-09-16 05:17:00,0.1952,0.1955,0.1952,0.1954,51352.7,10030.34829
2026-09-16 05:18:00,0.1954,0.1955,0.1954,0.1954,115978.3,22665.00484
2026-09-16 05:19:00,0.1954,0.1956,0.1954,0.1956,47457.7,9277.98337
2026-09-16 05:20:00,0.1956,0.1956,0.1955,0.1955,5379.5,1051.73185
2026-09-16 05:21:00,0.1955,0.196,0.1955,0.1959,201981.6,39526.55463
2026-09-16 05:22:00,0.1959,0.1959,0.1955,0.1955,27886.1,5457.28234
2026-09-16 05:23:00,0.1956,0.1957,0.1955,0.1957,137783.7,26954.87511
2026-09-16 05:24:00,0.1958,0.1959,0.1958,0.1958,7159.0,1402.34771
2026-09-16 05:25:00,0.1958,0.1959,0.1957,0.1959,13784.1,2697.90047
2026-09-16 05:26:00,0.1959,0.1959,0.1958,0.1958,9516.2,1863.27556
2026-09-16 05:27:00,0.1958,0.1958,0.1957,0.1957,3710.3,726.19625
2026-09-16 05:28:00,0.1957,0.1957,0.1955,0.1955,7686.3,1503.33709
2026-09-16 05:29:00,0.1956,0.1958,0.1956,0.1958,11918.4,2331.44847
2026-09-16 05:30:00,0.1957,0.1957,0.1955,0.1956,1905.3,372.79127
2026-09-16 05:31:00,0.1956,0.1956,0.1955,0.1956,6297.3,1231.43015
2026-09-16 05:32:00,0.1956,0.1956,0.1955,0.1956,4972.3,972.51295
2026-09-16 05:33:00,0.1956,0.1957,0.1956,0.1956,8822.0,1725.65488
2026-09-16 05:34:00,0.1957,0.1957,0.1956,0.1956,7120.9,1393.04546
2026-09-16 05:35:00,0.1956,0.1957,0.1956,0.1957,1058.0,207.04007
2026-09-16 05:36:00,0.1957,0.196,0.1957,0.1957,30256.6,5924.64879
2026-09-16 05:37:00,0.1957,0.1958,0.1956,0.1957,40917.4,8008.65657
2026-09-16 05:38:00,0.1957,0.1958,0.1957,0.1957,25380.2,4967.12964
2026-09-16 05:39:00,0.1958,0.1958,0.1958,0.1958,356.7,69.84186
2026-09-16 05:40:00,0.1958,0.1958,0.1957,0.1958,1152.6,225.62657
2026-09-16 05:41:00,0.1958,0.1959,0.1957,0.1958,15254.1,2986.84955
2026-09-16 05:42:00,0.1958,0.1959,0.1958,0.1959,24169.7,4732.98994
2026-09-16 05:43:00,0.1958,0.1962,0.1958,0.196,398237.5,78063.95856
2026-09-16 05:44:00,0.196,0.1961,0.196,0.1961,116826.4,22902.57566
2026-09-16 05:45:00,0.1961,0.1962,0.196,0.1961,306127.6,60031.68607
2026-09-16 05:46:00,0.1961,0.1961,0.196,0.1961,14272.0,2798.6194
2026-09-16 05:47:00,0.196,0.196,0.1957,0.1957,31641.9,6200.73801
2026-09-16 05:48:00,0.1957,0.1958,0.1956,0.1958,171003.9,33458.32675
2026-09-16 05:49:00,0.1957,0.1957,0.1954,0.1955,135608.2,26512.52594
2026-09-16 05:50:00,0.1955,0.1956,0.1954,0.1956,66065.6,12915.60039
2026-09-16 05:51:00,0.1955,0.1957,0.1954,0.1957,218673.5,42763.71577
2026-09-16 05:52:00,0.1957,0.1957,0.1955,0.1956,200908.8,39297.76001
2026-09-16 05:53:00,0.1955,0.1956,0.1955,0.1956,2323.9,454.33267
2026-09-16 05:54:00,0.1956,0.1957,0.1955,0.1955,29407.2,5751.99237
2026-09-16 05:55:00,0.1956,0.1958,0.1956,0.1956,92825.9,18165.2932
2026-09-16 05:56:00,0.1956,0.196,0.1956,0.1959,130642.2,25581.8717
2026-09-16 05:57:00,0.1959,0.1959,0.1957,0.1957,39704.0,7774.60312
2026-09-16 05:58:00,0.1958,0.1958,0.1957,0.1957,13304.3,2603.65407
2026-09-16 05:59:00,0.1957,0.1958,0.1957,0.1957,7170.6,1403.40226
2026-09-16 06:00:00,0.1957,0.1959,0.1957,0.1959,33473.4,6554.08942
2026-09-16 06:01:00,0.196,0.1961,0.1959,0.1959,7925.4,1553.33944
2026-09-16 06:02:00,0.196,0.196,0.1958,0.1958,11732.9,2298.96094
2026-09-16 06:03:00,0.1959,0.1959,0.1956,0.1957,4110.4,804.75752
2026-09-16 06:04:00,0.1957,0.1957,0.1953,0.1954,328448.2,64217.68589
2026-09-16 06:05:00,0.1954,0.1954,0.1952,0.1954,20050.0,3915.9458
2026-09-16 06:06:00,0.1954,0.1954,0.1953,0.1953,5931.2,1158.61101
2026-09-16 06:07:00,0.1953,0.1954,0.1952,0.1953,18033.1,3521.87576
2026-09-16 06:08:00,0.1952,0.1954,0.1952,0.1952,18811.8,3673.40139
2026-09-16 06:09:00,0.1951,0.1952,0.1951,0.1952,2192.1,427.69792
2026-09-16 06:10:00,0.1952,0.1952,0.1951,0.1952,36627.7,7149.71088
2026-09-16 06:11:00,0.1951,0.1952,0.195,0.1951,17027.9,3321.04132
2026-09-16 06:12:00,0.1952,0.1953,0.1952,0.1952,3269.1,638.13088
2026-09-16 06:13:00,0.1952,0.1954,0.1952,0.1953,27293.3,5329.33277
2026-09-16 06:14:00,0.1954,0.1954,0.1952,0.1952,3003.2,586.54296
2026-09-16 06:15:00,0.1952,0.1952,0.195,0.195,17254.7,3365.73173
2026-09-16 06:16:00,0.195,0.1951,0.195,0.1951,15049.3,2934.62394
2026-09-16 06:17:00,0.1951,0.1952,0.1951,0.1952,3674.0,716.93961
2026-09-16 06:18:00,0.1952,0.1952,0.1952,0.1952,30193.0,5893.6736
2026-09-16 06:19:00,0.1953,0.1953,0.1953,0.1953,7079.1,1382.54823
2026-09-16 06:20:00,0.1954,0.1955,0.1954,0.1954,37146.1,7261.71163
2026-09-16 06:21:00,0.1954,0.1955,0.1954,0.1954,1800.4,351.87427
2026-09-16 06:22:00,0.1954,0.1954,0.1952,0.1953,2245.3,438.47703
2026-09-16 06:23:00,0.1952,0.1953,0.1952,0.1953,30886.8,6030.16272
2026-09-16 06:24:00,0.1953,0.1953,0.1952,0.1953,6692.9,1306.99266
2026-09-16 06:25:00,0.1952,0.1952,0.1951,0.1952,230616.4,45015.75675
2026-09-16 06:26:00,0.1952,0.1953,0.1952,0.1953,14675.0,2864.56434
2026-09-16 06:27:00,0.1952,0.1952,0.1951,0.1951,20649.0,4028.72133
2026-09-16 06:28:00,0.1951,0.1952,0.195,0.1951,19456.4,3796.73619
2026-09-16 06:29:00,0.1951,0.1951,0.195,0.1951,30590.4,5966.68812
2026-09-16 06:30:00,0.195,0.1951,0.1948,0.1949,76118.1,14831.14102
2026-09-16 06:31:00,0.1949,0.1949,0.1949,0.1949,42272.8,8238.96872
2026-09-16 06:32:00,0.1949,0.1949,0.1947,0.1948,85115.0,16580.32292
2026-09-16 06:33:00,0.1948,0.1949,0.1948,0.1949,3121.7,608.41254
2026-09-16 06:34:00,0.1949,0.195,0.1949,0.1949,27709.5,5400.64936
2026-09-16 06:35:00,0.1948,0.1948,0.1948,0.1948,10312.8,2008.93344
2026-09-16 06:36:00,0.1947,0.1948,0.1946,0.1948,52702.2,10264.32505
2026-09-16 06:37:00,0.1947,0.1948,0.1945,0.1945,42945.2,8354.34728
2026-09-16 06:38:00,0.1946,0.1946,0.1945,0.1945,32027.7,6230.24176
2026-09-16 06:39:00,0.1945,0.1945,0.1943,0.1943,38369.9,7461.10969
2026-09-16 06:40:00,0.1944,0.1947,0.1943,0.1947,86065.4,16738.65993
2026-09-16 06:41:00,0.1948,0.1949,0.1947,0.1947,48649.4,9476.64924
2026-09-16 06:42:00,0.1947,0.1947,0.1946,0.1947,6227.7,1212.21771
2026-09-16 06:43:00,0.1947,0.1948,0.1947,0.1948,6399.0,1246.09736
2026-09-16 06:44:00,0.1948,0.1951,0.1948,0.195,15614.5,3043.96524
2026-09-16 06:45:00,0.1951,0.1952,0.1951,0.1952,1135.9,221.65363
2026-09-16 06:46:00,0.1951,0.1952,0.1951,0.1952,16430.2,3207.09395
2026-09-16 06:47:00,0.1952,0.1956,0.1952,0.1956,5431.9,1061.59711
2026-09-16 06:48:00,0.1956,0.1956,0.1952,0.1953,3804.4,743.17838
2026-09-16 06:49:00,0.1954,0.1955,0.1953,0.1953,1435.5,280.48902
2026-09-16 06:50:00,0.1954,0.1954,0.1953,0.1953,4840.1,945.63784
2026-09-16 06:51:00,0.1953,0.1954,0.1952,0.1952,10256.7,2003.27622
2026-09-16 06:52:00,0.1953,0.1954,0.1952,0.1952,2873.7,561.30767
2026-09-16 06:53:00,0.1953,0.1953,0.1952,0.1952,7404.4,1445.60339
2026-09-16 06:54:00,0.1952,0.1953,0.1952,0.1953,34678.4,6769.68578
2026-09-16 06:55:00,0.1953,0.1953,0.1953,0.1953,11894.3,2322.95679
2026-09-16 06:56:00,0.1954,0.1954,0.1953,0.1954,8295.4,1620.90501
2026-09-16 06:57:00,0.1954,0.1955,0.1954,0.1954,1116.3,218.15812
2026-09-16 06:58:00,0.1953,0.1956,0.1953,0.1956,114117.8,22313.32824
2026-09-16 06:59:00,0.1957,0.196,0.1957,0.196,131903.6,25839.3751
2026-09-16 07:00:00,0.196,0.1962,0.1958,0.196,214343.2,42020.49815
2026-09-16 07:01:00,0.196,0.1961,0.196,0.196,44381.6,8700.49842
2026-09-16 07:02:00,0.1959,0.1962,0.1959,0.1962,38194.4,7492.06792
2026-09-16 07:03:00,0.1962,0.1963,0.1961,0.1961,169888.8,33329.2215
2026-09-16 07:04:00,0.1961,0.1963,0.196,0.196,378287.8,74182.14724
2026-09-16 07:05:00,0.196,0.1961,0.1958,0.196,54361.9,10651.19349
2026-09-16 07:06:00,0.196,0.196,0.1956,0.1958,25494.6,4991.06324
2026-09-16 07:07:00,0.1958,0.1959,0.1958,0.1959,157505.7,30848.58873
2026-09-16 07:08:00,0.1959,0.1959,0.1956,0.1956,31275.3,6121.14132
2026-09-16 07:09:00,0.1956,0.1956,0.1952,0.1953,30461.3,5951.92534
2026-09-16 07:10:00,0.1952,0.1952,0.1949,0.1951,414294.5,80794.20957
2026-09-16 07:11:00,0.195,0.195,0.1948,0.1949,307504.4,59938.22044
2026-09-16 07:12:00,0.1949,0.195,0.1948,0.1948,11164.5,2175.95088
2026-09-16 07:13:00,0.1949,0.1949,0.1948,0.1948,14956.0,2914.39901
2026-09-16 07:14:00,0.1948,0.195,0.1948,0.195,35362.7,6889.12306
2026-09-16 07:15:00,0.1951,0.1953,0.1951,0.1953,11519.0,2248.55192
2026-09-16 07:16:00,0.1952,0.1953,0.195,0.195,243451.7,47513.80977
2026-09-16 07:17:00,0.1951,0.1951,0.195,0.195,10783.7,2103.85134
2026-09-16 07:18:00,0.1949,0.195,0.1949,0.1949,88900.9,17326.78996
2026-09-16 07:19:00,0.195,0.195,0.1947,0.1947,131462.6,25621.94632
2026-09-16 07:20:00,0.1947,0.1949,0.1947,0.1948,31951.0,6224.14952
2026-09-16 07:21:00,0.1949,0.195,0.1947,0.1948,8049.0,1568.39091
2026-09-16 07:22:00,0.1948,0.1949,0.1948,0.1949,27245.9,5307.56774
2026-09-16 07:23:00,0.1949,0.1949,0.1948,0.1949,1402.2,273.28372
2026-09-16 07:24:00,0.1949,0.1952,0.1949,0.1949,370615.6,72283.14792
2026-09-16 07:25:00,0.1949,0.1952,0.1949,0.195,150117.7,29278.35421
2026-09-16 07:26:00,0.195,0.1951,0.195,0.195,12355.6,2409.47005
2026-09-16 07:27:00,0.195,0.195,0.1947,0.1948,79925.5,15569.74902
2026-09-16 07:28:00,0.1948,0.1948,0.1946,0.1946,83434.0,16243.43464
2026-09-16 07:29:00,0.1946,0.1947,0.1945,0.1947,10184.1,1981.91968
2026-09-16 07:30:00,0.1946,0.1946,0.1945,0.1945,14134.0,2750.01483
2026-09-16 07:31:00,0.1945,0.1946,0.1944,0.1945,95414.3,18563.79481
2026-09-16 07:32:00,0.1946,0.1948,0.1946,0.1947,32253.2,6280.82258
2026-09-16 07:33:00,0.1946,0.1946,0.1945,0.1945,12017.0,2338.35885
2026-09-16 07:34:00,0.1945,0.1946,0.1945,0.1945,9768.8,1900.03866
2026-09-16 07:35:00,0.1946,0.1946,0.1945,0.1946,5263.0,1024.14437
2026-09-16 07:36:00,0.1946,0.1947,0.1945,0.1947,1847.5,359.51829
2026-09-16 07:37:00,0.1946,0.1947,0.1945,0.1946,23288.7,4533.92184
2026-09-16 07:38:00,0.1946,0.1947,0.1945,0.1945,15321.1,2981.48815
2026-09-16 07:39:00,0.1946,0.1947,0.1945,0.1946,15806.6,3075.86384
2026-09-16 07:40:00,0.1947,0.1948,0.1947,0.1948,12279.6,2391.60633
2026-09-16 07:41:00,0.1948,0.1948,0.1947,0.1947,6638.9,1292.74564
2026-09-16 07:42:00,0.1947,0.1947,0.1945,0.1945,1107.6,215.51519
2026-09-16 07:43:00,0.1945,0.1945,0.1943,0.1944,50778.2,9872.13649
2026-09-16 07:44:00,0.1944,0.1945,0.1944,0.1945,3996.3,776.9486
2026-09-16 07:45:00,0.1945,0.1945,0.1943,0.1944,18326.9,3562.50701
2026-09-16 07:46:00,0.1944,0.1945,0.1944,0.1945,5141.1,999.46016
2026-09-16 07:47:00,0.1944,0.1945,0.1944,0.1945,9722.9,1891.09333
2026-09-16 07:48:00,0.1945,0.1946,0.1943,0.1944,42130.6,8186.59539
2026-09-16 07:49:00,0.1943,0.1944,0.1941,0.1944,38198.9,7421.57007
2026-09-16 07:50:00,0.1945,0.1945,0.1943,0.1943,18210.5,3539.8429
2026-09-16 07:51:00,0.1943,0.1943,0.1943,0.1943,17949.0,3487.4907
2026-09-16 07:52:00,0.1943,0.1944,0.1943,0.1943,41295.3,8026.1479
2026-09-16 07:53:00,0.1943,0.1944,0.1942,0.1942,2187.8,425.12231
2026-09-16 07:54:00,0.1943,0.1944,0.1942,0.1944,2667.5,518.29991
2026-09-16 07:55:00,0.1944,0.1944,0.1943,0.1944,4647.2,903.37459
2026-09-16 07:56:00,0.1943,0.1944,0.1942,0.1942,66919.3,12998.37645
2026-09-16 07:57:00,0.1942,0.1942,0.1941,0.1942,15475.2,3005.18329
2026-09-16 07:58:00,0.1942,0.1942,0.1941,0.1942,4579.4,888.99071
2026-09-16 07:59:00,0.1941,0.1942,0.194,0.1942,29810.1,5783.57587
2026-09-16 08:00:00,0.1941,0.1941,0.1939,0.1941,30320.9,5884.55743
2026-09-16 08:01:00,0.194,0.194,0.1939,0.1939,17657.8,3424.33205
2026-09-16 08:02:00,0.194,0.194,0.1938,0.1939,1928.6,373.85728
2026-09-16 08:03:00,0.1938,0.1938,0.1935,0.1937,259262.0,50191.24737
2026-09-16 08:04:00,0.1937,0.1937,0.1935,0.1936,15415.6,2984.51386
2026-09-16 08:05:00,0.1936,0.1936,0.1934,0.1935,18977.4,3672.18669
2026-09-16 08:06:00,0.1935,0.1936,0.1932,0.1935,71021.7,13737.14959
2026-09-16 08:07:00,0.1935,0.1935,0.1932,0.1933,37626.5,7273.48692
2026-09-16 08:08:00,0.1933,0.1933,0.193,0.193,111763.2,21577.92142
2026-09-16 08:09:00,0.193,0.1936,0.1929,0.1933,421372.5,81469.27568
2026-09-16 08:10:00,0.1932,0.1934,0.1932,0.1933,36534.9,7061.06271
2026-09-16 08:11:00,0.1933,0.1933,0.1932,0.1932,28822.5,5570.86225
2026-09-16 08:12:00,0.1933,0.1936,0.1933,0.1936,16103.7,3115.83422
2026-09-16 08:13:00,0.1935,0.1936,0.1932,0.1933,122812.6,23742.29332
2026-09-16 08:14:00,0.1933,0.1934,0.1931,0.1933,23793.2,4597.0107
2026-09-16 08:15:00,0.1933,0.1937,0.1932,0.1936,64121.3,12405.83268
2026-09-16 08:16:00,0.1936,0.1937,0.1935,0.1936,44736.9,8660.62124
2026-09-16 08:17:00,0.1937,0.1938,0.1934,0.1936,471463.3,91254.31151
2026-09-16 08:18:00,0.1936,0.1936,0.1932,0.1932,29935.7,5791.69249
2026-09-16 08:19:00,0.1931,0.1934,0.193,0.1933,303760.2,58714.14204
2026-09-16 08:20:00,0.1932,0.1933,0.1931,0.1931,35450.3,6847.29978
2026-09-16 08:21:00,0.1931,0.1935,0.1931,0.1935,152327.3,29456.13472
2026-09-16 08:22:00,0.1934,0.1935,0.1934,0.1934,33157.3,6414.79399
2026-09-16 08:23:00,0.1934,0.1934,0.1931,0.1931,50198.6,9701.59266
2026-09-16 08:24:00,0.1931,0.1931,0.193,0.1931,43840.4,8461.25599
2026-09-16 08:25:00,0.193,0.1933,0.1929,0.1932,539089.8,104113.52341
2026-09-16 08:26:00,0.1931,0.1931,0.1928,0.1929,119227.0,23001.07132
2026-09-16 08:27:00,0.1929,0.193,0.1929,0.1929,22354.0,4313.20332
2026-09-16 08:28:00,0.193,0.1932,0.1928,0.1931,60553.5,11692.81807
2026-09-16 08:29:00,0.1932,0.1932,0.1928,0.1928,159199.0,30719.26897
2026-09-16 08:30:00,0.1929,0.193,0.1928,0.193,47784.4,9220.02315
2026-09-16 08:31:00,0.1931,0.1931,0.1929,0.193,72469.4,13985.40753
2026-09-16 08:32:00,0.193,0.193,0.1928,0.1929,18098.8,3491.32075
2026-09-16 08:33:00,0.1928,0.1929,0.1926,0.1926,92805.9,17888.894
2026-09-16 08:34:00,0.1927,0.1928,0.1927,0.1928,8834.8,1702.49398
2026-09-16 08:35:00,0.1928,0.1928,0.1927,0.1928,15960.0,3076.77855
2026-09-16 08:36:00,0.1927,0.1929,0.1927,0.1929,15946.7,3073.05824
2026-09-16 08:37:00,0.1929,0.193,0.1928,0.1928,80061.7,15438.16744
2026-09-16 08:38:00,0.1928,0.1929,0.1928,0.1928,6143.3,1184.6222
2026-09-16 08:39:00,0.1928,0.1929,0.1928,0.1928,5192.6,1001.23346
2026-09-16 08:40:00,0.1928,0.1928,0.1927,0.1927,16839.8,3245.36999
2026-09-16 08:41:00,0.1928,0.1929,0.1926,0.1927,141279.2,27219.65735
2026-09-16 08:42:00,0.1927,0.1928,0.1927,0.1927,1042.2,200.83712
2026-09-16 08:43:00,0.1926,0.1928,0.1926,0.1928,11502.3,2216.83288
2026-09-16 08:44:00,0.1928,0.1928,0.1927,0.1927,16236.9,3130.02743
2026-09-16 08:45:00,0.1928,0.1928,0.1927,0.1928,7630.0,1470.72412
2026-09-16 08:46:00,0.1928,0.1929,0.1928,0.1929,8387.3,1617.29096
2026-09-16 08:47:00,0.1929,0.1929,0.1927,0.1927,4789.0,923.40222
2026-09-16 08:48:00,0.1928,0.1928,0.1927,0.1928,7390.5,1424.86581
2026-09-16 08:49:00,0.1927,0.1929,0.1927,0.1928,19442.5,3748.51399
2026-09-16 08:50:00,0.1928,0.1928,0.1927,0.1928,9336.1,1799.97612
2026-09-16 08:51:00,0.1928,0.1928,0.1927,0.1928,22233.3,4286.51409
2026-09-16 08:52:00,0.1927,0.1928,0.1927,0.1928,4157.4,801.52255
2026-09-16 08:53:00,0.1928,0.1928,0.1927,0.1928,1074.7,207.15046
2026-09-16 08:54:00,0.1927,0.1929,0.1927,0.1929,37801.1,7288.58868
2026-09-16 08:55:00,0.193,0.193,0.1929,0.1929,697.3,134.54218
2026-09-16 08:56:00,0.193,0.1933,0.193,0.1932,39462.8,7623.78701
2026-09-16 08:57:00,0.1932,0.1933,0.1929,0.193,141463.3,27311.24318
2026-09-16 08:58:00,0.193,0.1932,0.1928,0.1931,148077.7,28579.37865
2026-09-16 08:59:00,0.1932,0.1932,0.1931,0.1932,17298.1,3340.83975
2026-09-16 09:00:00,0.1933,0.1937,0.1932,0.1936,120106.7,23239.82049
2026-09-16 09:01:00,0.1935,0.1938,0.1935,0.1938,2370.7,459.11947
2026-09-16 09:02:00,0.1938,0.1939,0.1937,0.1938,14146.6,2741.52623
2026-09-16 09:03:00,0.1938,0.1941,0.1937,0.1938,318369.5,61756.74064
2026-09-16 09:04:00,0.1938,0.1939,0.1937,0.1939,38022.6,7369.14582
2026-09-16 09:05:00,0.1939,0.1941,0.1939,0.194,20279.3,3933.60712
2026-09-16 09:06:00,0.1941,0.1941,0.1936,0.1938,447322.7,86722.69025
2026-09-16 09:07:00,0.1938,0.1939,0.1936,0.1936,22462.8,4352.96911
2026-09-16 09:08:00,0.1937,0.1938,0.1937,0.1937,11159.3,2161.79102
2026-09-16 09:09:00,0.1938,0.194,0.1937,0.194,11418.2,2213.21158
2026-09-16 09:10:00,0.194,0.194,0.1937,0.1938,244791.0,47439.9474
2026-09-16 09:11:00,0.1938,0.1939,0.1937,0.1939,102684.4,19890.62341
2026-09-16 09:12:00,0.1938,0.1939,0.1935,0.1937,340229.5,65887.94943
2026-09-16 09:13:00,0.1936,0.1937,0.1935,0.1935,24611.6,4763.17966
2026-09-16 09:14:00,0.1935,0.1935,0.1934,0.1934,9748.4,1885.39354
2026-09-16 09:15:00,0.1934,0.1936,0.1933,0.1935,30556.8,5911.71648
2026-09-16 09:16:00,0.1936,0.1937,0.1934,0.1934,57806.5,11185.47833
2026-09-16 09:17:00,0.1933,0.1935,0.1932,0.1935,337184.0,65229.63178
2026-09-16 09:18:00,0.1936,0.1937,0.1936,0.1936,193972.1,37560.50003
2026-09-16 09:19:00,0.1937,0.1937,0.1935,0.1937,136389.8,26393.32537
2026-09-16 09:20:00,0.1937,0.1938,0.1937,0.1937,9698.9,1878.82094
2026-09-16 09:21:00,0.1937,0.1938,0.1936,0.1938,16469.2,3190.09668
2026-09-16 09:22:00,0.1937,0.1938,0.1936,0.1936,9831.3,1904.38381
2026-09-16 09:23:00,0.1937,0.1937,0.1936,0.1937,63501.0,12299.58767
2026-09-16 09:24:00,0.1938,0.194,0.1938,0.1938,38277.7,7423.51492
2026-09-16 09:25:00,0.1939,0.1939,0.1935,0.1938,622928.2,120682.65818
2026-09-16 09:26:00,0.1938,0.1939,0.1938,0.1938,7213.3,1398.15137
2026-09-16 09:27:00,0.1937,0.1939,0.1936,0.1939,88814.7,17210.68758
2026-09-16 09:28:00,0.1939,0.1939,0.1937,0.1938,7479.2,1449.09219
2026-09-16 09:29:00,0.1938,0.1938,0.1938,0.1938,5145.9,997.27542
2026-09-16 09:30:00,0.1938,0.1938,0.1937,0.1937,4061.9,786.83611
2026-09-16 09:31:00,0.1937,0.1938,0.1937,0.1937,1898.8,367.80219
2026-09-16 09:32:00,0.1938,0.1939,0.1938,0.1939,2250.4,436.26183
2026-09-16 09:33:00,0.194,0.194,0.1939,0.194,7380.7,1431.38393
2026-09-16 09:34:00,0.194,0.194,0.1939,0.1939,77550.4,15037.02756
2026-09-16 09:35:00,0.1939,0.1939,0.1939,0.1939,856.7,166.11413
2026-09-16 09:36:00,0.1939,0.1942,0.1939,0.1942,37940.3,7364.05971
2026-09-16 09:37:00,0.1942,0.1945,0.1942,0.1944,85651.1,16649.00796
2026-09-16 09:38:00,0.1943,0.1944,0.1943,0.1943,4596.4,893.44549
2026-09-16 09:39:00,0.1943,0.1944,0.1942,0.1944,30119.5,5852.33229
2026-09-16 09:40:00,0.1943,0.1944,0.1943,0.1943,5513.6,1071.69068
2026-09-16 09:41:00,0.1943,0.1944,0.1942,0.1942,55072.0,10700.47727
2026-09-16 09:42:00,0.1943,0.1943,0.1942,0.1942,4386.4,852.18025
2026-09-16 09:43:00,0.1943,0.1943,0.1942,0.1942,594.6,115.48747
2026-09-16 09:44:00,0.1942,0.1943,0.1942,0.1942,2655.0,515.76503
2026-09-16 09:45:00,0.1942,0.1942,0.1941,0.1941,19295.1,3747.04654
2026-09-16 09:46:00,0.1942,0.1942,0.1941,0.1941,108824.6,21122.85799
2026-09-16 09:47:00,0.1941,0.1942,0.1941,0.1942,5531.0,1073.93266
2026-09-16 09:48:00,0.1942,0.1945,0.1942,0.1944,50769.4,9869.29802
2026-09-16 09:49:00,0.1945,0.1945,0.1944,0.1944,9261.0,1800.86252
2026-09-16 09:50:00,0.1945,0.1945,0.1944,0.1945,47239.9,9188.1033
2026-09-16 09:51:00,0.1945,0.1947,0.1944,0.1947,11179.2,2174.77962
2026-09-16 09:52:00,0.1947,0.1947,0.1946,0.1947,13822.5,2691.16416
2026-09-16 09:53:00,0.1946,0.1947,0.1946,0.1946,38736.6,7539.18398
2026-09-16 09:54:00,0.1946,0.1948,0.1945,0.1947,84749.9,16503.05174
2026-09-16 09:55:00,0.1947,0.1947,0.1946,0.1947,9501.8,1849.98906
2026-09-16 09:56:00,0.1946,0.1947,0.1945,0.1947,35508.8,6910.19295
2026-09-16 09:57:00,0.1946,0.1947,0.1946,0.1946,13036.4,2536.89243
2026-09-16 09:58:00,0.1946,0.1947,0.1946,0.1947,738.1,143.64555
2026-09-16 09:59:00,0.1947,0.1947,0.1946,0.1946,8345.7,1624.09992
2026-09-16 10:00:00,0.1946,0.1947,0.1945,0.1945,97712.2,19014.65985
2026-09-16 10:01:00,0.1946,0.1947,0.1945,0.1946,46673.1,9082.67055
2026-09-16 10:02:00,0.1945,0.1946,0.1944,0.1945,61647.3,11990.40639
2026-09-16 10:03:00,0.1945,0.1946,0.1945,0.1945,7579.4,1474.29138
2026-09-16 10:04:00,0.1945,0.1945,0.1944,0.1944,34817.1,6770.25548
2026-09-16 10:05:00,0.1944,0.1944,0.1943,0.1943,4452.7,865.23037
2026-09-16 10:06:00,0.1943,0.1946,0.1942,0.1943,401574.0,78072.5094
2026-09-16 10:07:00,0.1943,0.1944,0.1943,0.1944,15252.5,2965.00774
2026-09-16 10:08:00,0.1944,0.1945,0.1943,0.1944,34727.1,6751.41736
2026-09-16 10:09:00,0.1944,0.1945,0.1943,0.1943,14836.6,2884.23505
2026-09-16 10:10:00,0.1944,0.1945,0.1944,0.1944,2774.8,539.43221
2026-09-16 10:11:00,0.1943,0.1943,0.194,0.1942,386350.1,75013.06287
2026-09-16 10:12:00,0.1943,0.1943,0.194,0.1941,53307.1,10350.20737
2026-09-16 10:13:00,0.194,0.1942,0.1938,0.1939,206036.3,39962.40608
2026-09-16 10:14:00,0.194,0.1941,0.1938,0.194,102852.0,19947.26431
2026-09-16 10:15:00,0.194,0.1942,0.194,0.1941,16221.1,3147.20812
2026-09-16 10:16:00,0.1942,0.1942,0.1941,0.1941,12477.2,2421.9042
2026-09-16 10:17:00,0.1941,0.1945,0.1941,0.1943,436259.1,84779.026
2026-09-16 10:18:00,0.1943,0.1944,0.1943,0.1943,1285.5,249.82585
2026-09-16 10:19:00,0.1943,0.1945,0.1943,0.1945,7328.1,1424.61286
2026-09-16 10:20:00,0.1946,0.1947,0.1946,0.1946,62831.2,12233.07485
2026-09-16 10:21:00,0.1947,0.1948,0.1946,0.1948,10218.8,1989.60465
2026-09-16 10:22:00,0.1948,0.1948,0.1943,0.1944,212513.5,41341.00239
2026-09-16 10:23:00,0.1944,0.1944,0.1943,0.1944,8427.6,1638.31515
2026-09-16 10:24:00,0.1944,0.1944,0.1943,0.1943,1325.9,257.68067
2026-09-16 10:25:00,0.1943,0.1944,0.1943,0.1944,6655.3,1293.71918
2026-09-16 10:26:00,0.1944,0.1946,0.1944,0.1945,47460.6,9231.0163
2026-09-16 10:27:00,0.1945,0.1946,0.1944,0.1944,42125.3,8194.06057
2026-09-16 10:28:00,0.1945,0.1946,0.1944,0.1944,12095.3,2351.49001
2026-09-16 10:29:00,0.1945,0.1946,0.1944,0.1945,834.1,162.22626
2026-09-16 10:30:00,0.1946,0.1947,0.1946,0.1947,14259.7,2776.28111
2026-09-16 10:31:00,0.1946,0.1947,0.1945,0.1946,33372.2,6494.31769
2026-09-16 10:32:00,0.1946,0.1946,0.1944,0.1945,9437.1,1835.37635
2026-09-16 10:33:00,0.1944,0.1945,0.1944,0.1945,4169.9,810.78512
2026-09-16 10:34:00,0.1944,0.1946,0.1944,0.1946,130289.0,25346.37626
2026-09-16 10:35:00,0.1945,0.1946,0.1944,0.1944,20500.7,3987.40399
2026-09-16 10:36:00,0.1945,0.1946,0.1944,0.1945,6039.1,1174.70902
2026-09-16 10:37:00,0.1946,0.1946,0.1945,0.1945,1787.3,347.78141
2026-09-16 10:38:00,0.1945,0.1945,0.1944,0.1945,44248.0,8604.35528
2026-09-16 10:39:00,0.1945,0.1945,0.1942,0.1944,94132.8,18291.84481
2026-09-16 10:40:00,0.1945,0.1945,0.1944,0.1944,321.1,62.43815
2026-09-16 10:41:00,0.1944,0.1945,0.1944,0.1945,746.1,145.05645
2026-09-16 10:42:00,0.1944,0.1946,0.1944,0.1946,15153.9,2947.59226
2026-09-16 10:43:00,0.1945,0.1947,0.1945,0.1947,1167.1,227.17986
2026-09-16 10:44:00,0.1947,0.1947,0.1946,0.1946,216108.0,42076.06387
2026-09-16 10:45:00,0.1947,0.1947,0.1946,0.1946,852.7,165.99804
2026-09-16 10:46:00,0.1947,0.1947,0.1945,0.1946,35056.6,6820.02106
2026-09-16 10:47:00,0.1945,0.1946,0.1944,0.1945,64323.2,12506.95219
2026-09-16 10:48:00,0.1944,0.1946,0.1944,0.1945,422.4,82.14837
2026-09-16 10:49:00,0.1945,0.1946,0.1945,0.1946,79.4,15.44644
2026-09-16 10:50:00,0.1946,0.1946,0.1946,0.1946,457.2,88.97112
2026-09-16 10:51:00,0.1946,0.1946,0.1944,0.1944,10917.4,2122.65616
2026-09-16 10:52:00,0.1944,0.1944,0.1943,0.1943,4019.5,781.26102
2026-09-16 10:53:00,0.1944,0.1944,0.1943,0.1943,26521.1,5153.36468
2026-09-16 10:54:00,0.1943,0.1944,0.1942,0.1943,39781.9,7728.84869
2026-09-16 10:55:00,0.1943,0.1943,0.1942,0.1942,16322.7,3170.54301
2026-09-16 10:56:00,0.1941,0.1942,0.1941,0.1941,58942.6,11440.86865
2026-09-16 10:57:00,0.1942,0.1942,0.194,0.1942,51264.3,9949.14341
2026-09-16 10:58:00,0.1942,0.1943,0.1941,0.1942,52636.4,10223.64326
2026-09-16 10:59:00,0.1942,0.1946,0.1942,0.1946,100956.1,19635.05336
2026-09-16 11:00:00,0.1945,0.195,0.1944,0.1948,182512.9,35545.25844
2026-09-16 11:01:00,0.1949,0.1949,0.1944,0.1944,126118.5,24552.89632
2026-09-16 11:02:00,0.1944,0.1947,0.1944,0.1946,13375.8,2602.78209
2026-09-16 11:03:00,0.1945,0.1948,0.1945,0.1948,15873.2,3090.48219
2026-09-16 11:04:00,0.1948,0.1948,0.1947,0.1948,5573.2,1085.64406
2026-09-16 11:05:00,0.1948,0.1949,0.1948,0.1948,151515.9,29518.46185
2026-09-16 11:06:00,0.1948,0.1949,0.1947,0.1948,41073.8,8001.43594
2026-09-16 11:07:00,0.1947,0.1947,0.1944,0.1944,25486.4,4960.70846
2026-09-16 11:08:00,0.1944,0.1945,0.1943,0.1943,3881.2,754.48644
2026-09-16 11:09:00,0.1943,0.1944,0.1943,0.1944,3126.2,607.72042
2026-09-16 11:10:00,0.1944,0.1947,0.1943,0.1947,155168.6,30196.24631
2026-09-16 11:11:00,0.1947,0.1947,0.1945,0.1946,126944.8,24712.89198
2026-09-16 11:12:00,0.1945,0.1945,0.1944,0.1945,2197.1,427.24474
2026-09-16 11:13:00,0.1945,0.1945,0.1944,0.1944,338.3,65.78895
2026-09-16 11:14:00,0.1944,0.1945,0.1943,0.1943,2961.9,575.78555
2026-09-16 11:15:00,0.1944,0.1944,0.1942,0.1943,4582.3,890.10811
2026-09-16 11:16:00,0.1943,0.1947,0.1943,0.1944,362496.0,70507.39686
2026-09-16 11:17:00,0.1945,0.1945,0.1943,0.1943,22629.7,4399.94404
2026-09-16 11:18:00,0.1944,0.1946,0.1944,0.1945,5386.9,1047.88578
2026-09-16 11:19:00,0.1946,0.1947,0.1946,0.1947,7852.6,1528.59935
2026-09-16 11:20:00,0.1946,0.1947,0.1946,0.1947,10998.7,2141.23886
2026-09-16 11:21:00,0.1947,0.1948,0.1945,0.1945,299350.1,58254.61426
2026-09-16 11:22:00,0.1946,0.1946,0.1943,0.1946,133674.3,25995.03871
2026-09-16 11:23:00,0.1946,0.1946,0.1943,0.1944,32200.3,6262.08069
2026-09-16 11:24:00,0.1944,0.1944,0.1943,0.1944,3932.6,764.47077
2026-09-16 11:25:00,0.1944,0.1944,0.1944,0.1944,6095.6,1184.98464
2026-09-16 11:26:00,0.1945,0.1947,0.1944,0.1947,194875.7,37916.2244
2026-09-16 11:27:00,0.1947,0.1947,0.1946,0.1947,385.6,75.0729
2026-09-16 11:28:00,0.1947,0.1947,0.1945,0.1946,11061.6,2152.53489
2026-09-16 11:29:00,0.1946,0.1947,0.1946,0.1946,2679.9,521.62929
2026-09-16 11:30:00,0.1947,0.1947,0.1945,0.1947,14122.1,2747.14877
2026-09-16 11:31:00,0.1947,0.1948,0.1945,0.1947,6028.6,1173.59786
2026-09-16 11:32:00,0.1948,0.195,0.1945,0.1947,14488.7,2821.09038
2026-09-16 11:33:00,0.1947,0.1949,0.1947,0.1948,105283.7,20511.71318
2026-09-16 11:34:00,0.1948,0.1949,0.1947,0.1948,67812.0,13208.98062
2026-09-16 11:35:00,0.1948,0.1949,0.1947,0.1948,76912.1,14981.89927
2026-09-16 11:36:00,0.1948,0.1949,0.1947,0.1948,12621.4,2458.20106
2026-09-16 11:37:00,0.1949,0.1951,0.1947,0.1947,262909.2,51245.30348
2026-09-16 11:38:00,0.1946,0.1948,0.1945,0.1946,39089.8,7606.47706
2026-09-16 11:39:00,0.1946,0.1948,0.1946,0.1948,5497.6,1070.14595
2026-09-16 11:40:00,0.1947,0.1948,0.1945,0.1947,242375.8,47199.05789
2026-09-16 11:41:00,0.1948,0.195,0.1947,0.1949,28510.0,5555.98782
2026-09-16 11:42:00,0.1949,0.1952,0.1948,0.1951,79271.4,15463.81281
2026-09-16 11:43:00,0.1952,0.1956,0.1951,0.1956,98530.7,19241.81248
2026-09-16 11:44:00,0.1956,0.1956,0.1953,0.1954,54370.1,10623.67932
2026-09-16 11:45:00,0.1954,0.1954,0.1952,0.1952,19362.3,3781.00673
2026-09-16 11:46:00,0.1951,0.1951,0.1949,0.1951,31485.5,6139.54958
2026-09-16 11:47:00,0.1951,0.1953,0.1951,0.1953,65224.4,12730.38465
2026-09-16 11:48:00,0.1953,0.1953,0.1951,0.1951,70341.2,13726.85413
2026-09-16 11:49:00,0.1951,0.1952,0.195,0.1951,29682.7,5793.79285
2026-09-16 11:50:00,0.1952,0.1954,0.1952,0.1954,69805.3,13633.96605
2026-09-16 11:51:00,0.1953,0.1955,0.1952,0.1953,62244.2,12159.89542
2026-09-16 11:52:00,0.1953,0.1953,0.1951,0.1952,46518.2,9080.2893
2026-09-16 11:53:00,0.1952,0.1953,0.1951,0.1952,4528.5,883.96593
2026-09-16 11:54:00,0.1951,0.1951,0.1949,0.195,133156.0,25969.65359
2026-09-16 11:55:00,0.195,0.1951,0.1949,0.195,20792.0,4054.26342
2026-09-16 11:56:00,0.1949,0.195,0.1948,0.1948,11531.5,2247.4953
2026-09-16 11:57:00,0.1948,0.1949,0.1947,0.1947,17081.1,3326.86479
2026-09-16 11:58:00,0.1947,0.1949,0.1946,0.1947,17760.4,3458.5617
2026-09-16 11:59:00,0.1947,0.1949,0.1947,0.1949,3470.5,675.83051
2026-09-16 12:00:00,0.1949,0.1949,0.1947,0.1948,93900.0,18297.6859
2026-09-16 12:01:00,0.1948,0.1951,0.1948,0.1949,160837.3,31367.91043
2026-09-16 12:02:00,0.1949,0.1949,0.1946,0.1946,6151.3,1198.16531
2026-09-16 12:03:00,0.1947,0.1949,0.1947,0.1948,76508.0,14905.5409
2026-09-16 12:04:00,0.1948,0.1951,0.1948,0.195,76708.4,14960.07568
2026-09-16 12:05:00,0.195,0.195,0.1947,0.1947,40841.4,7955.50027
2026-09-16 12:06:00,0.1947,0.1948,0.1947,0.1947,27600.5,5373.9803
2026-09-16 12:07:00,0.1947,0.1948,0.1947,0.1947,99376.2,19354.42226
2026-09-16 12:08:00,0.1946,0.1946,0.194,0.1943,298855.3,58053.75457
2026-09-16 12:09:00,0.1942,0.1943,0.1941,0.1943,56477.2,10967.42551
2026-09-16 12:10:00,0.1943,0.1943,0.194,0.194,36547.0,7096.9078
2026-09-16 12:11:00,0.1941,0.1942,0.1939,0.194,76242.9,14794.21642
2026-09-16 12:12:00,0.194,0.194,0.1938,0.1939,60805.9,11790.49872
2026-09-16 12:13:00,0.1939,0.194,0.1936,0.1937,224067.0,43406.00517
2026-09-16 12:14:00,0.1938,0.1938,0.1936,0.1937,9915.3,1920.54628
2026-09-16 12:15:00,0.1937,0.1937,0.1937,0.1937,91729.0,17767.9073
2026-09-16 12:16:00,0.1937,0.1939,0.1937,0.1938,60749.8,11773.20334
2026-09-16 12:17:00,0.1939,0.1941,0.1939,0.1939,152255.2,29529.82672
2026-09-16 12:18:00,0.1939,0.1939,0.1935,0.1936,79490.1,15401.29043
2026-09-16 12:19:00,0.1936,0.1939,0.1935,0.1936,464360.6,89952.66379
2026-09-16 12:20:00,0.1936,0.1936,0.1934,0.1936,199441.4,38593.12602
2026-09-16 12:21:00,0.1937,0.1938,0.1935,0.1937,12466.4,2414.37904
2026-09-16 12:22:00,0.1937,0.1938,0.1936,0.1937,19498.7,3777.4402
2026-09-16 12:23:00,0.1937,0.1938,0.1936,0.1937,18842.5,3649.17908
2026-09-16 12:24:00,0.1936,0.1936,0.1933,0.1934,187517.5,36274.62245
2026-09-16 12:25:00,0.1934,0.1936,0.1934,0.1934,8767.0,1695.95731
2026-09-16 12:26:00,0.1934,0.1936,0.1934,0.1934,27422.9,5306.39813
2026-09-16 12:27:00,0.1935,0.1936,0.1934,0.1935,8389.1,1623.306
2026-09-16 12:28:00,0.1934,0.1935,0.1932,0.1933,10361.6,2003.62349
2026-09-16 12:29:00,0.1932,0.1934,0.1932,0.1934,4511.4,871.69201
2026-09-16 12:30:00,0.1933,0.1933,0.193,0.193,231100.6,44632.33937
2026-09-16 12:31:00,0.1931,0.1932,0.1929,0.1929,71903.4,13883.98502
2026-09-16 12:32:00,0.1929,0.1929,0.1926,0.1927,844037.7,162795.41383
2026-09-16 12:33:00,0.1928,0.1935,0.1928,0.1935,43484.8,8397.82239
2026-09-16 12:34:00,0.1935,0.1938,0.1932,0.1935,796064.4,154026.32981
2026-09-16 12:35:00,0.1935,0.1936,0.1934,0.1935,319531.2,61815.75152
2026-09-16 12:36:00,0.1935,0.1936,0.1932,0.1933,63280.5,12237.04213
2026-09-16 12:37:00,0.1933,0.1933,0.1932,0.1933,36804.5,7114.2931
2026-09-16 12:38:00,0.1933,0.1933,0.193,0.1931,35068.1,6772.77285
2026-09-16 12:39:00,0.1931,0.1932,0.1928,0.193,155435.5,29998.90985
2026-09-16 12:40:00,0.193,0.1931,0.193,0.193,52874.0,10209.28302
2026-09-16 12:41:00,0.1931,0.1933,0.1931,0.1932,160791.2,31066.91471
2026-09-16 12:42:00,0.1932,0.1932,0.193,0.1931,72618.1,14021.85356
2026-09-16 12:43:00,0.1931,0.1932,0.1931,0.1932,13979.4,2699.45768
2026-09-16 12:44:00,0.1932,0.1933,0.1932,0.1932,111080.4,21460.75914
2026-09-16 12:45:00,0.1931,0.1931,0.193,0.1931,102689.2,19828.65114
2026-09-16 12:46:00,0.1932,0.1932,0.193,0.193,114668.1,22151.06515
2026-09-16 12:47:00,0.1931,0.1931,0.193,0.1931,1789.9,345.56919
2026-09-16 12:48:00,0.193,0.1931,0.193,0.1931,4510.9,871.01226
2026-09-16 12:49:00,0.1931,0.1933,0.1931,0.1933,4595.7,887.74266
2026-09-16 12:50:00,0.1933,0.1933,0.1931,0.1932,120768.5,23344.39337
2026-09-16 12:51:00,0.1933,0.1934,0.1932,0.1932,31375.4,6062.11629
2026-09-16 12:52:00,0.1932,0.1932,0.1931,0.1931,45835.8,8853.32589
2026-09-16 12:53:00,0.1931,0.1933,0.193,0.1931,125625.0,24264.64004
2026-09-16 12:54:00,0.1931,0.1931,0.1929,0.193,48274.3,9320.09981
2026-09-16 12:55:00,0.1929,0.193,0.1928,0.193,18603.3,3587.33042
2026-09-16 12:56:00,0.193,0.1933,0.193,0.1933,9193.0,1775.19834
2026-09-16 12:57:00,0.1932,0.1932,0.1931,0.1931,19130.2,3695.38211
2026-09-16 12:58:00,0.1931,0.1932,0.1931,0.1931,7767.2,1499.84675
2026-09-16 12:59:00,0.193,0.193,0.1927,0.193,274901.8,53021.69412
2026-09-16 13:00:00,0.193,0.193,0.1928,0.1929,77616.3,14968.74981
2026-09-16 13:01:00,0.1928,0.1928,0.1925,0.1926,39028.3,7516.84081
2026-09-16 13:02:00,0.1926,0.1926,0.1919,0.1921,688663.1,132335.86006
2026-09-16 13:03:00,0.1922,0.1922,0.1916,0.1919,279449.4,53633.06691
2026-09-16 13:04:00,0.1919,0.192,0.1916,0.1919,133507.6,25595.92322
2026-09-16 13:05:00,0.1919,0.1925,0.1919,0.1923,185662.9,35714.93516
2026-09-16 13:06:00,0.1922,0.1923,0.1921,0.1921,134929.6,25943.0516
2026-09-16 13:07:00,0.1921,0.1922,0.192,0.1921,8269.1,1588.07606
2026-09-16 13:08:00,0.1921,0.1922,0.192,0.1921,120103.9,23076.08779
2026-09-16 13:09:00,0.1921,0.1921,0.1919,0.192,49779.1,9554.00836
2026-09-16 13:10:00,0.192,0.192,0.1915,0.1915,750642.2,143892.18891
2026-09-16 13:11:00,0.1916,0.1917,0.1915,0.1917,307190.7,58873.08518
2026-09-16 13:12:00,0.1916,0.1916,0.1915,0.1916,140094.2,26833.57126
2026-09-16 13:13:00,0.1915,0.1922,0.1915,0.1922,214739.8,41221.46154
2026-09-16 13:14:00,0.1922,0.1924,0.1922,0.1923,64318.5,12367.70088
2026-09-16 13:15:00,0.1923,0.1927,0.1923,0.1927,220531.7,42412.35752
2026-09-16 13:16:00,0.1927,0.193,0.1927,0.1927,365192.3,70416.75678
2026-09-16 13:17:00,0.1927,0.1928,0.1926,0.1928,135276.1,26059.68212
2026-09-16 13:18:00,0.1927,0.193,0.1927,0.1929,119364.2,23014.46342
2026-09-16 13:19:00,0.1929,0.1929,0.1925,0.1927,386013.3,74381.37938
2026-09-16 13:20:00,0.1927,0.1927,0.1923,0.1925,27439.0,5281.23333
2026-09-16 13:21:00,0.1925,0.1926,0.1924,0.1925,16283.5,3134.78906
2026-09-16 13:22:00,0.1925,0.1928,0.1925,0.1926,7961.2,1533.23454
2026-09-16 13:23:00,0.1925,0.1925,0.1923,0.1923,94371.5,18156.27182
2026-09-16 13:24:00,0.1924,0.1926,0.1924,0.1925,14793.1,2846.77488
2026-09-16 13:25:00,0.1924,0.1929,0.1924,0.1927,226173.2,43576.7339
2026-09-16 13:26:00,0.1927,0.1929,0.1927,0.1927,32612.8,6288.42443
2026-09-16 13:27:00,0.1928,0.193,0.1928,0.193,41948.3,8095.32322
2026-09-16 13:28:00,0.193,0.193,0.1928,0.1928,7162.6,1381.55772
2026-09-16 13:29:00,0.1928,0.1928,0.1926,0.1927,3475.7,669.71616
2026-09-16 13:30:00,0.1926,0.1929,0.1926,0.1927,103351.1,19917.53441
2026-09-16 13:31:00,0.1926,0.1929,0.1925,0.1927,165877.8,31963.10479
2026-09-16 13:32:00,0.1927,0.1928,0.1924,0.1927,313241.0,60337.38078
2026-09-16 13:33:00,0.1927,0.1929,0.1926,0.1927,64402.6,12416.17325
2026-09-16 13:34:00,0.1928,0.1928,0.1926,0.1927,47905.9,9232.00773
2026-09-16 13:35:00,0.1928,0.193,0.1926,0.1926,402558.2,77573.41231
2026-09-16 13:36:00,0.1926,0.1926,0.1924,0.1924,94953.7,18278.11584
2026-09-16 13:37:00,0.1924,0.1924,0.1921,0.1922,195655.7,37630.24849
2026-09-16 13:38:00,0.1923,0.1923,0.1919,0.1921,25455.6,4889.76446
2026-09-16 13:39:00,0.1921,0.1924,0.1919,0.1919,64776.1,12447.90846
2026-09-16 13:40:00,0.1919,0.1921,0.1919,0.1921,5361.9,1029.25791
2026-09-16 13:41:00,0.1921,0.1926,0.1921,0.1926,77983.7,15005.64959
2026-09-16 13:42:00,0.1925,0.1926,0.1922,0.1923,66476.7,12784.6602
2026-09-16 13:43:00,0.1923,0.1924,0.1923,0.1924,354395.9,68183.70581
2026-09-16 13:44:00,0.1925,0.1928,0.1925,0.1926,199461.7,38439.83837
2026-09-16 13:45:00,0.1927,0.1927,0.1925,0.1926,436352.3,84057.07173
2026-09-16 13:46:00,0.1927,0.1927,0.1925,0.1927,59649.7,11488.33062
2026-09-16 13:47:00,0.1927,0.1934,0.1927,0.1934,71181.2,13756.70462
2026-09-16 13:48:00,0.1934,0.1934,0.1931,0.1931,111287.1,21514.60893
2026-09-16 13:49:00,0.193,0.1931,0.1927,0.1931,63597.7,12265.21418
2026-09-16 13:50:00,0.1931,0.1934,0.193,0.193,109813.1,21222.33253
2026-09-16 13:51:00,0.193,0.193,0.1926,0.1927,83820.1,16165.34797
2026-09-16 13:52:00,0.1927,0.1927,0.1924,0.1924,30627.3,5899.24018
2026-09-16 13:53:00,0.1924,0.1926,0.1922,0.1926,22507.1,4330.97571
2026-09-16 13:54:00,0.1926,0.1928,0.1924,0.1925,16434.5,3165.25159
2026-09-16 13:55:00,0.1926,0.1928,0.1925,0.1927,9524.8,1834.75967
2026-09-16 13:56:00,0.1927,0.1928,0.1925,0.1928,237490.4,45771.89806
2026-09-16 13:57:00,0.1927,0.1929,0.1927,0.1927,16285.6,3139.32113
2026-09-16 13:58:00,0.1928,0.1929,0.1924,0.1924,63777.1,12282.45371
2026-09-16 13:59:00,0.1924,0.1924,0.1922,0.1924,35822.5,6889.341
2026-09-16 14:00:00,0.1924,0.1925,0.1922,0.1922,111169.5,21379.63801
2026-09-16 14:01:00,0.1922,0.1924,0.192,0.1922,215636.8,41446.95189
2026-09-16 14:02:00,0.1922,0.1923,0.1917,0.1918,318686.1,61191.41877
2026-09-16 14:03:00,0.1917,0.1919,0.1916,0.1917,22238.5,4263.46643
2026-09-16 14:04:00,0.1916,0.1916,0.1913,0.1915,95666.9,18314.54095
