type,entry_time,entry_price,exit_time,exit_price,duration,quantity,net_pnl,pnl_pct,exit_reason,capital_after,entry_time_wib,exit_time_wib
SHORT,2026-09-07 05:15:00,2507.468406,2026-09-07 07:20:00,2493.7186439999996,2 jam,0.8374980896967681,10.471157108489919,1.4958795869271313,Signal Reversal,1009.42115710849,2026-09-07 12:15:00,2026-09-07 14:20:00
LONG,2026-09-07 07:20:00,2493.7186439999996,2026-09-07 12:45:00,2497.680364,5 jam,0.8500495575265182,2.3060822889137267,0.32636558553157796,Signal Reversal,1010.6673471824397,2026-09-07 14:20:00,2026-09-07 19:45:00
SHORT,2026-09-07 12:45:00,2497.680364,2026-09-07 14:05:00,2486.837268,1 jam,0.8497490149957088,8.157316386034765,1.153031128926264,Signal Reversal,1017.7634628539329,2026-09-07 19:45:00,2026-09-07 21:05:00
LONG,2026-09-07 14:05:00,2486.837268,2026-09-07 17:05:00,2486.372626,3 jam,0.8594463737115181,-1.467786850530025,-0.2060241337432418,Signal Reversal,1015.2270243674062,2026-09-07 21:05:00,2026-09-08 00:05:00
SHORT,2026-09-07 17:05:00,2486.372626,2026-09-07 22:30:00,2483.726646,5 jam,0.8574646973174781,1.2039804814420405,0.16941748742528764,Signal Reversal,1015.3650164732625,2026-09-08 00:05:00,2026-09-08 05:30:00
LONG,2026-09-07 22:30:00,2483.726646,2026-09-07 23:45:00,2492.771346,1 jam,0.8584948500785425,6.694812689023148,0.941929057236509,Signal Reversal,1020.9936958949887,2026-09-08 05:30:00,2026-09-08 06:45:00
SHORT,2026-09-07 23:45:00,2492.771346,2026-09-08 02:55:00,2485.216944,3 jam,0.8601217134575793,5.4289106642939995,0.7596116111646217,Signal Reversal,1025.3505631785931,2026-09-08 06:45:00,2026-09-08 09:55:00
LONG,2026-09-08 02:55:00,2485.216944,2026-09-08 07:25:00,2477.5543900000002,4 jam,0.8664177941783121,-7.712271739222105,-1.074513581177267,Signal Reversal,1016.5616733480335,2026-09-08 09:55:00,2026-09-08 14:25:00
SHORT,2026-09-08 07:25:00,2477.5543900000002,2026-09-08 11:05:00,2477.415384,3 jam,0.8616478906163872,-0.9475556432187825,-0.1331597437099652,Signal Reversal,1014.5467279477992,2026-09-08 14:25:00,2026-09-08 18:05:00
LONG,2026-09-08 11:05:00,2477.415384,2026-09-08 14:40:00,2480.173866,3 jam,0.8599882532619239,1.3058019214310113,0.18386844735119948,Signal Reversal,1014.787255804885,2026-09-08 18:05:00,2026-09-08 21:40:00
SHORT,2026-09-08 14:40:00,2480.173866,2026-09-09 03:15:00,2488.507602,12 jam,0.8592354215179276,-8.229748103956686,-1.1585465759842877,Signal Reversal,1005.4919810823332,2026-09-08 21:40:00,2026-09-09 10:15:00
LONG,2026-09-09 03:15:00,2488.507602,2026-09-09 04:40:00,2511.607578,1 jam,0.8485138476474299,18.53508261142865,2.633406326761139,Signal Reversal,1022.9712971136253,2026-09-09 10:15:00,2026-09-09 11:40:00
SHORT,2026-09-09 04:40:00,2511.607578,2026-09-09 09:35:00,2502.5004,4 jam,0.8553245908141677,6.719368231000819,0.9383545266560991,Signal Reversal,1028.6165454826569,2026-09-09 11:40:00,2026-09-09 16:35:00
LONG,2026-09-09 09:35:00,2502.5004,2026-09-09 12:00:00,2499.330034,2 jam,0.8631745855119861,-3.815258441048951,-0.5298737634966809,Signal Reversal,1023.7212396688511,2026-09-09 16:35:00,2026-09-09 19:00:00
SHORT,2026-09-09 12:00:00,2499.330034,2026-09-09 18:55:00,2481.926286,6 jam,0.8601563515259175,13.902522053095622,1.9400540909516608,Signal Reversal,1036.5488544202944,2026-09-09 19:00:00,2026-09-10 01:55:00
LONG,2026-09-09 18:55:00,2481.926286,2026-09-09 23:55:00,2467.636374,5 jam,0.8770415973114112,-13.614957119437616,-1.876413124100302,Signal Reversal,1021.8455210037155,2026-09-10 01:55:00,2026-09-10 06:55:00
SHORT,2026-09-09 23:55:00,2467.636374,2026-09-10 12:30:00,2442.58842,12 jam,0.8696077010039253,20.719846842584673,2.8966982381659587,Signal Reversal,1041.4924300492462,2026-09-10 06:55:00,2026-09-10 19:30:00
LONG,2026-09-10 12:30:00,2442.58842,2026-09-10 14:20:00,2440.781746,1 jam,0.895416552864611,-2.7104839938791487,-0.37178570669715155,Signal Reversal,1037.6883790038155,2026-09-10 19:30:00,2026-09-10 21:20:00
SHORT,2026-09-10 14:20:00,2440.781746,2026-09-10 22:25:00,2454.1707359999996,8 jam,0.8928064131417066,-13.049325823512454,-1.7964828758596592,Signal Reversal,1023.5494803823491,2026-09-10 21:20:00,2026-09-11 05:25:00
LONG,2026-09-10 22:25:00,2454.1707359999996,2026-09-11 00:20:00,2450.7097599999997,1 jam,0.8758371523516256,-4.104462692916552,-0.5728612289996574,Signal Reversal,1018.3702907350311,2026-09-11 05:25:00,2026-09-11 07:20:00
SHORT,2026-09-11 00:20:00,2450.7097599999997,2026-09-11 03:05:00,2442.4783979999997,2 jam,0.8726360197559933,6.117285659065367,0.858133784189931,Signal Reversal,1023.4182875888247,2026-09-11 07:20:00,2026-09-11 10:05:00
LONG,2026-09-11 03:05:00,2442.4783979999997,2026-09-11 04:25:00,2461.497602,1 jam,0.8799170570746361,15.652365148608242,2.1848858782414715,Signal Reversal,1037.9960635354646,2026-09-11 10:05:00,2026-09-11 11:25:00
SHORT,2026-09-11 04:25:00,2461.497602,2026-09-11 11:00:00,2457.021306,6 jam,0.8855550911986937,2.876092849156207,0.39583040962879074,Signal Reversal,1039.7822605179088,2026-09-11 11:25:00,2026-09-11 18:00:00
LONG,2026-09-11 11:00:00,2457.021306,2026-09-11 12:30:00,2470.7557500000003,1 jam,0.888695080403022,11.107858574919712,1.5261242661361152,Signal Reversal,1049.7983477192845,2026-09-11 18:00:00,2026-09-11 19:30:00
SHORT,2026-09-11 12:30:00,2470.7557500000003,2026-09-11 15:50:00,2560.71204,3 jam,0.8922680965977706,-81.40754848422964,-11.07798446123211,Signal Reversal,967.2885109699496,2026-09-11 19:30:00,2026-09-11 22:50:00
LONG,2026-09-11 15:50:00,2560.71204,2026-09-12 06:35:00,2515.09688,14 jam,0.7932582193181292,-37.18216123173212,-5.491368147743763,Signal Reversal,929.090696801699,2026-09-11 22:50:00,2026-09-12 13:35:00
SHORT,2026-09-12 06:35:00,2515.09688,2026-09-12 15:45:00,2533.276554,9 jam,0.7757516137046648,-15.085508129487568,-2.3195502843214504,Signal Reversal,913.0296434405695,2026-09-12 13:35:00,2026-09-12 22:45:00
LONG,2026-09-12 15:45:00,2533.276554,2026-09-12 20:45:00,2522.4154160000003,5 jam,0.7568704838789566,-9.175045661761768,-1.4355731144543356,Signal Reversal,902.8959166531953,2026-09-12 22:45:00,2026-09-13 03:45:00
SHORT,2026-09-12 20:45:00,2522.4154160000003,2026-09-13 06:35:00,2520.9040800000002,9 jam,0.7516927675531261,0.1885876582271091,0.029838537904023216,Signal Reversal,902.1364635989365,2026-09-13 03:45:00,2026-09-13 13:35:00
LONG,2026-09-13 06:35:00,2520.9040800000002,2026-09-13 08:00:00,2518.4962,1 jam,0.7515107728961138,-2.755886272740211,-0.43640630309109635,Signal Reversal,898.4333340394174,2026-09-13 13:35:00,2026-09-13 15:00:00
SHORT,2026-09-13 08:00:00,2518.4962,2026-09-13 08:30:00,2501.05011,0 jam,0.7491414922455617,12.132769690657144,1.9291946851061257,Signal Reversal,909.6227487293332,2026-09-13 15:00:00,2026-09-13 15:30:00
LONG,2026-09-13 08:30:00,2501.05011,2026-09-13 12:15:00,2482.543392,3 jam,0.7637622951631303,-15.082769935074879,-2.3687637785074314,Signal Reversal,893.5848749080925,2026-09-13 15:30:00,2026-09-13 19:15:00
SHORT,2026-09-13 12:15:00,2482.543392,2026-09-13 13:20:00,2470.854072,1 jam,0.7558894009079999,7.90198688971428,1.2632882467659141,Signal Reversal,900.5485976791533,2026-09-13 19:15:00,2026-09-13 20:20:00
LONG,2026-09-13 13:20:00,2470.854072,2026-09-13 14:25:00,2490.141872,1 jam,0.765383952276653,13.809615280861204,2.1906670978827516,Signal Reversal,913.4126369324514,2026-09-13 20:20:00,2026-09-13 21:25:00
SHORT,2026-09-13 14:25:00,2490.141872,2026-09-13 22:00:00,2496.679236,7 jam,0.7703041176595852,-5.997359555822374,-0.9379831372916808,Signal Reversal,906.4561941078499,2026-09-13 21:25:00,2026-09-14 05:00:00
LONG,2026-09-13 22:00:00,2496.679236,2026-09-14 02:25:00,2504.6389719999997,4 jam,0.7624359509939405,5.113975488563894,0.8059605435833962,Signal Reversal,910.6183905926006,2026-09-14 05:00:00,2026-09-14 09:25:00
SHORT,2026-09-14 02:25:00,2504.6389719999997,2026-09-14 13:05:00,2493.9086819999998,10 jam,0.7635027010369706,7.240552390486695,1.1358925296240223,Signal Reversal,916.902793672965,2026-09-14 09:25:00,2026-09-14 20:05:00
LONG,2026-09-14 13:05:00,2493.9086819999998,2026-09-14 16:20:00,2527.1944599999997,3 jam,0.7720795394838064,24.72367058216875,3.852047310447585,Signal Reversal,940.6637163217772,2026-09-14 20:05:00,2026-09-14 23:20:00
SHORT,2026-09-14 16:20:00,2527.1944599999997,2026-09-14 23:00:00,2528.875674,6 jam,0.7816548490992389,-2.302483042149273,-0.34967453636316326,Signal Reversal,937.3735363774902,2026-09-14 23:20:00,2026-09-15 06:00:00
LONG,2026-09-14 23:00:00,2528.875674,2026-09-15 09:50:00,2480.0039,10 jam,0.7784030059805658,-39.00715703450442,-5.944749652805558,Signal Reversal,897.3821371297894,2026-09-15 06:00:00,2026-09-15 16:50:00
SHORT,2026-09-15 09:50:00,2480.0039,2026-09-15 13:35:00,2440.5680159999997,3 jam,0.7598788405020482,29.03922581101138,4.622847567941378,Signal Reversal,925.4791116968145,2026-09-15 16:50:00,2026-09-15 20:35:00
LONG,2026-09-15 13:35:00,2440.5680159999997,2026-09-15 15:55:00,2423.975108,2 jam,0.7963335263848309,-14.178635263430118,-2.188617006853329,Signal Reversal,910.3287233661027,2026-09-15 20:35:00,2026-09-15 22:55:00
SHORT,2026-09-15 15:55:00,2423.975108,2026-09-15 18:40:00,2387.8074659999997,2 jam,0.7886592204513743,27.582361157922886,4.328477402871128,Signal Reversal,936.9552393644911,2026-09-15 22:55:00,2026-09-16 01:40:00
LONG,2026-09-15 18:40:00,2387.8074659999997,2026-09-15 19:55:00,2416.16667,1 jam,0.8240220498018291,22.373122104790365,3.4112198389030817,Signal Reversal,958.3445584679488,2026-09-16 01:40:00,2026-09-16 02:55:00
SHORT,2026-09-15 19:55:00,2416.16667,2026-09-15 21:55:00,2391.308166,2 jam,0.8329407063556141,19.709750924253086,2.9380651025618523,Signal Reversal,977.0480476058106,2026-09-16 02:55:00,2026-09-16 04:55:00
LONG,2026-09-15 21:55:00,2391.308166,2026-09-15 23:15:00,2411.977508,1 jam,0.8580244608976101,16.70003317615902,2.441762235758636,Signal Reversal,992.7221803319834,2026-09-16 04:55:00,2026-09-16 06:15:00
SHORT,2026-09-15 23:15:00,2411.977508,2026-09-16 08:05:00,2387.8274699999997,8 jam,0.8643184158154948,19.841400957988633,2.855265961916286,Signal Reversal,1011.5212230006234,2026-09-16 06:15:00,2026-09-16 15:05:00
LONG,2026-09-16 08:05:00,2387.8274699999997,2026-09-16 09:15:00,2401.929518,1 jam,0.8895929856696512,11.476713158734063,1.6208562054527575,Signal Reversal,1021.9358388752067,2026-09-16 15:05:00,2026-09-16 16:15:00
SHORT,2026-09-16 09:15:00,2401.929518,2026-09-16 13:35:00,2391.77826,4 jam,0.8934755352125757,8.001402994149172,1.1185218553944098,Signal Reversal,1028.864209238537,2026-09-16 16:15:00,2026-09-16 20:35:00
LONG,2026-09-16 13:35:00,2391.77826,2026-09-16 20:30:00,2413.11728,6 jam,0.903350814552904,18.186675368510766,2.5252083393382656,Signal Reversal,1045.9705771873473,2026-09-16 20:35:00,2026-09-17 03:30:00
SHORT,2026-09-16 20:30:00,2413.11728,2026-09-16 22:00:00,2391.888282,1 jam,0.9102492573810707,18.235072398229786,2.490519713861572,Signal Reversal,1063.1073804795303,2026-09-17 03:30:00,2026-09-17 05:00:00
LONG,2026-09-16 22:00:00,2391.888282,2026-09-16 23:25:00,2412.557392,1 jam,0.9333736511892045,18.16609391669428,2.4411045595816345,Signal Reversal,1080.1572116467212,2026-09-17 05:00:00,2026-09-17 06:25:00
SHORT,2026-09-16 23:25:00,2412.557392,2026-09-17 10:00:00,2435.4769979999996,10 jam,0.94021810713389,-22.6943683560879,-3.0014636641232046,Signal Reversal,1056.3286782184043,2026-09-17 06:25:00,2026-09-17 17:00:00
