type,entry_time,entry_price,exit_time,exit_price,quantity,net_pnl,pnl_pct,exit_reason,capital_after
SHORT,2025-05-02 04:00:00,96330.73,2025-05-02 12:00:00,97540.50598607142,0.015571355059802828,-19.597270347652266,-3.919454069530453,Stop Loss,979.6527296523477
LONG,2025-05-15 20:00:00,103784.462742,2025-05-21 04:00:00,107500.84299455551,0.014158950729759336,51.858995319300234,10.587220093329112,Take Profit,1030.7769854244086
LONG,2025-05-26 00:00:00,109645.45470599999,2025-05-27 00:00:00,107503.99636642715,0.014101500899261663,-30.955760551935494,-6.0062964132226675,Stop Loss,999.0481421334049
LONG,2025-06-03 12:00:00,106631.982132,2025-06-04 12:00:00,105004.81346860343,0.0140536843003164,-23.60556694799392,-4.725611500079607,Stop Loss,974.693289078811
LONG,2025-06-07 08:00:00,105171.040002,2025-06-09 16:00:00,108341.35030193346,0.013901544889072252,43.31915487453068,8.888776676706557,Take Profit,1017.2814239865326
LONG,2025-06-16 08:00:00,106905.366798,2025-06-17 12:00:00,105404.56417828177,0.014273578415039366,-22.17407403409559,-4.35947683920141,Stop Loss,994.3443888844471
SHORT,2025-06-17 12:00:00,104220.78167400001,2025-06-20 08:00:00,106087.58001513698,0.01431112451249979,-27.47509978315236,-5.526274415643179,Stop Loss,966.1235308096313
LONG,2025-06-24 00:00:00,104940.58392,2025-07-02 16:00:00,109697.75213972511,0.013809579116876398,64.9370510090254,13.44280497021055,Take Profit,1030.3359891705495
LONG,2025-07-06 12:00:00,108927.771198,2025-07-07 16:00:00,107916.05926436327,0.014188337526401173,-15.120085130606892,-2.93498146032519,Stop Loss,1014.4431520480648
LONG,2025-07-08 08:00:00,108778.12127399999,2025-07-09 16:00:00,110945.14773130408,0.013988702050104294,29.53789813816098,5.823470359778516,Take Profit,1043.2202178221896
LONG,2025-07-16 08:00:00,118792.813812,2025-07-20 20:00:00,116569.2085622196,0.013172769265401568,-30.058808536612997,-5.7626967006761625,Stop Loss,1012.3789941222099
LONG,2025-07-21 04:00:00,119386.542534,2025-07-21 16:00:00,117562.18405547606,0.012719762704836208,-23.95308847750446,-4.732039802598463,Stop Loss,987.6666213991138
LONG,2025-07-22 12:00:00,118935.82240799999,2025-07-25 00:00:00,116778.41504374439,0.012456297035694607,-27.60062026873404,-5.5890559973841,Stop Loss,959.3252511643304
LONG,2025-07-27 00:00:00,118206.466566,2025-07-30 16:00:00,116593.96109170922,0.012173512317475828,-20.33953426402264,-4.2403833818273,Stop Loss,938.2662229619345
LONG,2025-07-31 08:00:00,118394.92425,2025-07-31 16:00:00,116832.77025054711,0.011887328307006386,-19.264252206092188,-4.106350998180127,Stop Loss,918.2982710886208
LONG,2025-08-06 16:00:00,115283.041998,2025-08-10 00:00:00,118374.34722510804,0.011948395728981787,36.22894640015401,7.8904529259769705,Take Profit,953.8384937854584
LONG,2025-08-22 16:00:00,116679.121158,2025-08-23 12:00:00,114606.93746424363,0.012262328739524354,-26.112471633030726,-5.475239635045398,Stop Loss,927.0106432820885
SHORT,2025-08-24 16:00:00,112577.48,2025-08-26 00:00:00,109065.51617601502,0.012351635202023823,42.704927262103716,9.213470756043659,Take Profit,969.0203125617306
SHORT,2025-08-29 04:00:00,109997.376124,2025-09-03 12:00:00,111957.84598081173,0.013214228557634242,-26.64581505106812,-5.499536945851313,Stop Loss,941.6477322762412
SHORT,2025-09-06 16:00:00,110016.40231800001,2025-09-08 08:00:00,111671.45868103243,0.012838736485234661,-21.965692728647856,-4.665373679719968,Stop Loss,918.9758037483862
LONG,2025-10-08 20:00:00,123330.6612,2025-10-09 08:00:00,121238.72370434912,0.01117697490802538,-24.059073984409643,-5.236062557093608,Stop Loss,894.2274979111652
SHORT,2025-10-22 08:00:00,107533.53899,2025-10-23 04:00:00,110236.11839774539,0.012473701316493311,-34.398694523912916,-7.693499608156798,Stop Loss,859.1581327638189
SHORT,2025-10-29 12:00:00,111487.43805200001,2025-10-30 12:00:00,107856.1564384909,0.011559483486782028,41.35235911756453,9.626250987007118,Take Profit,899.8661232818106
SHORT,2025-11-12 00:00:00,103289.338,2025-11-12 12:00:00,105280.18041477317,0.013068136664044801,-26.70450864567054,-5.935218129621155,Stop Loss,872.4867150436787
SHORT,2025-12-01 00:00:00,86328.860774,2025-12-02 12:00:00,88165.40510860046,0.01515982095479793,-28.509969166018298,-6.535335994105313,Stop Loss,843.3223808413776
SHORT,2025-12-05 20:00:00,89312.173992,2025-12-07 16:00:00,91441.24812348434,0.014163618628020132,-30.80296351177308,-7.305145508184226,Stop Loss,811.8869255439735
SHORT,2025-12-11 08:00:00,90224.30153000001,2025-12-11 20:00:00,92299.80863948053,0.013497808990087063,-28.637721114754385,-7.054608274561581,Stop Loss,782.6402892350611
SHORT,2025-12-12 16:00:00,90180.180356,2025-12-15 16:00:00,85815.64449056794,0.01301794284751044,56.25870687440381,14.376644711043458,Take Profit,838.3120158925386
SHORT,2025-12-23 12:00:00,87425.96131,2025-12-26 00:00:00,89105.88811018677,0.014383233595567861,-24.803594992255913,-5.917509118808917,Stop Loss,812.8796868883633
SHORT,2025-12-26 16:00:00,87484.32963400001,2025-12-29 00:00:00,89117.68278105046,0.013937576425786169,-23.386026574638976,-5.75387156349269,Stop Loss,788.884000548558
LONG,2025-12-29 00:00:00,90141.57471,2025-12-29 08:00:00,88987.88897134205,0.013127416562554933,-15.729003817416398,-3.987659480095701,Stop Loss,772.5633337307302
SHORT,2025-12-29 20:00:00,87219.682574,2025-12-30 12:00:00,88544.11005628854,0.013286507889006517,-18.185237200237623,-4.707766057811881,Stop Loss,753.7986740301944
SHORT,2026-01-01 00:00:00,87828.450796,2026-01-02 00:00:00,89055.48727410109,0.012873937782092672,-16.370038676591868,-4.34334504439209,Stop Loss,736.8632863480799
LONG,2026-01-12 00:00:00,91826.481624,2026-01-12 08:00:00,90635.88057725565,0.012036777517491614,-14.876481876559449,-4.037786154413476,Stop Loss,721.4341570067594
SHORT,2026-01-29 08:00:00,87828.9307,2026-01-29 12:00:00,84801.82735644236,0.01232112501980101,36.77489178544816,10.19494057171557,Take Profit,757.6679731744525
SHORT,2026-02-09 08:00:00,68914.93425600001,2026-02-24 00:00:00,63371.337320287465,0.016491374069078944,90.898990540532,23.994412792634318,Take Profit,847.9987127351037
SHORT,2026-02-27 16:00:00,65379.101564000004,2026-02-28 20:00:00,67201.47269072272,0.019455728798253503,-36.10928522504172,-8.516353782796712,Stop Loss,811.2534284755106
SHORT,2026-03-01 20:00:00,65763.314706,2026-03-02 12:00:00,67782.92781200944,0.01850393563878924,-37.99791639567486,-9.36770559283298,Stop Loss,772.6470720084791
SHORT,2026-03-06 20:00:00,68100.397196,2026-03-10 00:00:00,70209.38782743448,0.017018558712324116,-36.4894121792578,-9.445298766072943,Stop Loss,735.578174525215
SHORT,2026-03-18 16:00:00,71058.16552400001,2026-03-22 20:00:00,67608.54267180283,0.015527663198892438,53.03968047213265,14.421221920122237,Take Profit,788.0661713664538
SHORT,2026-03-26 12:00:00,69068.823472,2026-03-27 12:00:00,65789.39348977606,0.017114802274413938,55.563809487882,14.101305577306558,Take Profit,843.038931225811
SHORT,2026-04-02 08:00:00,66207.035944,2026-04-05 12:00:00,67787.89306100493,0.019100060572237666,-30.841843122611866,-7.3168253517703254,Stop Loss,811.5648089047797
LONG,2026-04-13 16:00:00,73337.484564,2026-04-14 12:00:00,76012.05500638185,0.016599249627860056,43.7649908825037,10.78533480069578,Take Profit,854.7211261806049
LONG,2026-04-20 16:00:00,76312.219392,2026-04-21 16:00:00,74817.31489118017,0.016800477033502594,-25.743592023572017,-6.023857661880778,Stop Loss,828.3364933123975
LONG,2026-05-01 08:00:00,77479.47279599999,2026-05-04 00:00:00,79705.91928639775,0.016036566785115537,35.06545318784717,8.466475513501887,Take Profit,862.7806941302604
LONG,2026-05-09 16:00:00,80954.717706,2026-05-12 16:00:00,79862.54080705899,0.01598635728550595,-18.098285680981796,-4.19533858467384,Stop Loss,844.0353229286809
LONG,2026-05-13 00:00:00,81266.239998,2026-05-13 12:00:00,80114.90601417693,0.015579076679617259,-18.560778549816497,-4.398104687233532,Stop Loss,824.8415178866678
LONG,2026-05-14 20:00:00,81106.207998,2026-05-15 12:00:00,79759.48486384646,0.015254840626509272,-21.1524058945705,-5.128841222436336,Stop Loss,803.0704808536823
LONG,2026-05-21 04:00:00,77904.587802,2026-05-21 08:00:00,77173.66218000001,0.01546257743307896,-11.898645891622365,-2.9632880737874543,Signal Reversal,790.5695321014197
SHORT,2026-05-21 08:00:00,77173.66218000001,2026-05-22 00:00:00,77795.53599599999,0.015366049305606885,-10.153448739456884,-2.5686415494581265,Signal Reversal,779.8231562128867
LONG,2026-05-22 00:00:00,77795.53599599999,2026-05-22 08:00:00,77413.354232,0.01503601356226242,-6.328484308819567,-1.6230562681808673,Signal Reversal,772.9098045369075
SHORT,2026-05-22 08:00:00,77413.354232,2026-05-22 20:00:00,75435.12050317977,0.014976288242605565,29.06172947992045,7.520083018569785,Take Profit,801.3918516634253
SHORT,2026-05-26 16:00:00,76036.7896,2026-05-28 00:00:00,73658.97759715856,0.015809291578706235,37.00927514515637,9.236249424881802,Take Profit,837.8000829198342
SHORT,2026-06-09 12:00:00,61119.613632,2026-06-11 04:00:00,62942.94198385375,0.02056132311218978,-38.13713846596232,-9.10411427343139,Stop Loss,799.034594391682
SHORT,2026-06-17 20:00:00,64496.498120000004,2026-06-24 12:00:00,61785.380382843054,0.018583208802399442,49.80718168518127,12.46683986770317,Take Profit,848.2425001310695
SHORT,2026-07-08 12:00:00,61691.669198,2026-07-09 04:00:00,63002.309713284725,0.020624563522717153,-27.68108613231626,-6.526691630763374,Stop Loss,819.925232123655
SHORT,2026-07-13 04:00:00,62972.922896,2026-07-14 12:00:00,63944.03395800331,0.019530423420501642,-19.59063725846512,-4.778639927380746,Stop Loss,799.7196509410971
LONG,2026-07-14 16:00:00,64582.503917999995,2026-07-17 00:00:00,63509.40635019729,0.01857437237080099,-20.5219374958668,-5.1322829123223155,Stop Loss,778.5979237070245
SHORT,2026-07-17 04:00:00,62815.544378,2026-07-17 16:00:00,63884.31522314862,0.018592482117683776,-20.464986820520885,-5.256881940574394,Stop Loss,757.5489884437234
LONG,2026-07-18 16:00:00,64565.700558,2026-07-20 08:00:00,63669.84553110953,0.017599491259988956,-16.326871160950724,-4.310446297206985,Stop Loss,740.6539555414398
LONG,2026-07-27 00:00:00,65297.0568,2026-07-27 12:00:00,64584.02786770075,0.01701425742227573,-12.681082441424042,-3.424293449470286,Stop Loss,727.4173826333597
SHORT,2026-07-27 20:00:00,63743.108828000004,2026-07-29 08:00:00,64646.71444442044,0.01711755347380779,-16.020814254014013,-4.404847790691026,Stop Loss,710.8510053423706
LONG,2026-07-30 12:00:00,64743.246060000005,2026-07-31 08:00:00,63709.18231293275,0.016469308737244923,-17.554938200897475,-4.939132974129341,Stop Loss,692.7629288874664
SHORT,2026-07-31 08:00:00,63792.748898000005,2026-08-05 16:00:00,64793.25728489899,0.016289381023425035,-16.82538335916114,-4.857472205154409,Stop Loss,675.4179733316396
SHORT,2026-08-10 16:00:00,64032.89086,2026-08-14 08:00:00,62754.431786912304,0.015821977524215425,19.73130111538408,5.842693530364712,Take Profit,694.642710967025
LONG,2026-08-31 16:00:00,78913.839612,2026-09-01 12:00:00,77627.14296198754,0.013203819147232215,-17.501797242407207,-5.039078929668068,Stop Loss,676.6199316913925
LONG,2026-09-03 12:00:00,81364.2696,2026-09-04 12:00:00,79783.61974550222,0.012473901658881095,-20.214477355477502,-5.975135052538583,Stop Loss,655.8979893871465
