type,entry_time,entry_price,exit_time,exit_price,duration,quantity,net_pnl,pnl_pct,exit_reason,capital_after
SHORT,2026-05-12 13:00:00,80450.81661800001,2026-05-14 14:00:00,80981.04297000001,2h 1j,0.017401936473156507,-9.931578776544432,-1.418796968077776,Signal Reversal,989.3684212234555
LONG,2026-05-14 14:00:00,80981.04297000001,2026-05-15 13:00:00,78742.838282,23 jam,0.017104197956871996,-38.956112598381786,-5.624961160316881,Signal Reversal,949.7197507302172
SHORT,2026-05-15 13:00:00,78742.838282,2026-05-23 19:00:00,75998.64669,8h 6j,0.01688544228315227,45.695253359486955,6.873494346148347,Signal Reversal,994.750200264193
LONG,2026-05-23 19:00:00,75998.64669,2026-05-26 17:00:00,75919.892984,2h 22j,0.01832467209647191,-2.1387394110972626,-0.30714666004005553,Signal Reversal,991.9151357129108
SHORT,2026-05-26 17:00:00,75919.892984,2026-06-07 23:00:00,63344.676402,12h 6j,0.018291400783332735,229.438995006794,33.044156809974794,Signal Reversal,1220.6597901247058
LONG,2026-06-07 23:00:00,63344.676402,2026-06-09 14:00:00,61529.64161,1h 15j,0.026978174066741807,-49.796303246577885,-5.827797117759752,Signal Reversal,1170.0090250250405
SHORT,2026-06-09 14:00:00,61529.64161,2026-06-11 08:00:00,62970.581598,1h 18j,0.02662152081784337,-39.19820021226636,-4.786068113745342,Signal Reversal,1129.9918184952567
LONG,2026-06-11 08:00:00,62970.581598,2026-06-21 23:00:00,63299.327602,10h 15j,0.025122660546359074,7.463850504385103,0.9436036087315939,Signal Reversal,1136.6646747266952
SHORT,2026-06-21 23:00:00,63299.327602,2026-06-22 01:00:00,64681.538631789845,2 jam,0.025139770119249952,-35.561507051289794,-4.469405450875747,Stop Loss,1100.3075024030968
LONG,2026-06-22 12:00:00,65162.599914,2026-06-23 05:00:00,63370.87862815302,17 jam,0.02363979499586201,-43.104961176883464,-5.596482422639807,Stop Loss,1056.432325974531
LONG,2026-06-25 06:00:00,61744.406412,2026-06-25 13:00:00,59783.040046200134,7 jam,0.023953671956864087,-47.697938178521966,-6.450002523421984,Stop Loss,1007.9948851678269
SHORT,2026-06-25 13:00:00,58278.511966,2026-07-01 15:00:00,60159.17943,6h 2j,0.02421463403283624,-46.26804063502877,-6.5572952680388905,Signal Reversal,961.0212481131806
LONG,2026-07-01 15:00:00,60159.17943,2026-07-06 11:00:00,62471.343232,4h 20j,0.02236449632634979,51.01180879264092,7.5829762041154325,Signal Reversal,1011.3603420321424
SHORT,2026-07-06 11:00:00,62471.343232,2026-07-06 15:00:00,63558.689196,4 jam,0.022664863689367952,-25.364822570695516,-3.582843751068074,Signal Reversal,985.2875672220243
LONG,2026-07-06 15:00:00,63558.689196,2026-07-08 08:00:00,62005.956328,1h 17j,0.021702816901353672,-34.3715290894077,-4.983538415275153,Signal Reversal,950.2263368355613
SHORT,2026-07-08 08:00:00,62005.956328,2026-07-10 01:00:00,63762.609972,1h 17j,0.021454662589714065,-38.37241386040605,-5.768913358984354,Signal Reversal,911.1887645393704
LONG,2026-07-10 01:00:00,63762.609972,2026-07-13 18:00:00,61860.9347570618,3h 17j,0.020006462579171387,-38.66460326356368,-6.061877589908551,Stop Loss,871.8863291406292
LONG,2026-07-14 12:00:00,63972.792,2026-07-16 23:00:00,63817.43396,2h 11j,0.019080625100697197,-3.573166783758734,-0.5854575081856648,Signal Reversal,867.7028419264719
SHORT,2026-07-16 23:00:00,63817.43396,2026-07-17 18:00:00,64272.581946,19 jam,0.019035299655866336,-9.275602229773153,-1.527119618373939,Signal Reversal,857.8198477073502
LONG,2026-07-17 18:00:00,64272.581946,2026-07-20 06:00:00,63905.196404,2h 12j,0.018685227050615337,-7.461723819644762,-1.2426391724468417,Signal Reversal,849.7576499943102
SHORT,2026-07-20 06:00:00,63905.196404,2026-07-20 15:00:00,65085.31208182505,9 jam,0.018616024626090816,-22.574877406283047,-3.7951791156378025,Stop Loss,826.5879422330312
LONG,2026-07-20 15:00:00,65611.86975,2026-07-23 12:00:00,65154.006592000005,2h 21j,0.017637404992962322,-8.65009174959119,-1.494973891659269,Signal Reversal,817.3592389238769
SHORT,2026-07-23 12:00:00,65154.006592000005,2026-07-26 15:00:00,64780.9536,3h 3j,0.017563047836169937,5.983072050447646,1.0457147089457213,Signal Reversal,822.7701595070778
LONG,2026-07-26 15:00:00,64780.9536,2026-07-27 14:00:00,64674.51251,23 jam,0.017781124841451994,-2.4676351000504115,-0.428454162968667,Signal Reversal,819.7265852953724
SHORT,2026-07-27 14:00:00,64674.51251,2026-07-29 07:00:00,64573.9122,1h 17j,0.017744505136178278,1.2121866591481432,0.21125278335708825,Signal Reversal,820.3649633448138
LONG,2026-07-29 07:00:00,64573.9122,2026-07-31 13:00:00,63258.075854,2h 6j,0.017785989876616753,-23.966005677617066,-4.173404825631724,Signal Reversal,795.8247021928553
SHORT,2026-07-31 13:00:00,63258.075854,2026-08-02 02:00:00,63464.270316,1h 13j,0.017612843388431103,-4.190563893686182,-0.7522410188610081,Signal Reversal,791.077061007634
LONG,2026-08-02 02:00:00,63464.270316,2026-08-03 04:00:00,62777.442,1h 2j,0.017450888191043668,-12.53352520958966,-2.26337444178864,Signal Reversal,777.989781855339
SHORT,2026-08-03 04:00:00,62777.442,2026-08-03 14:00:00,63823.90089738901,10 jam,0.017349953421126562,-18.70968398068486,-3.4355361208814474,Stop Loss,758.7355050273553
LONG,2026-08-03 14:00:00,63979.983438,2026-08-10 13:00:00,64549.067604,6h 23j,0.016602531760072342,8.912398967680057,1.678054927032601,Signal Reversal,767.1167891415162
SHORT,2026-08-10 13:00:00,64549.067604,2026-08-17 02:00:00,63416.020668,6h 13j,0.01663793985974742,18.324010810429844,3.4124084717151137,Signal Reversal,784.903818199547
LONG,2026-08-17 02:00:00,63416.020668,2026-08-26 14:00:00,77774.921904,9h 12j,0.017327882353770235,248.13551399840102,45.1621329254232,Signal Reversal,1032.4898995252083
SHORT,2026-08-26 14:00:00,77774.921904,2026-08-27 09:00:00,80506.68790762145,19 jam,0.018585500620874933,-51.519367305437356,-7.128311490937532,Stop Loss,980.2477892901034
LONG,2026-08-27 15:00:00,80318.380464,2026-08-28 15:00:00,78315.463774,1h 0j,0.017086336864340197,-34.891571474414015,-5.084949198651458,Signal Reversal,944.6700443631862
SHORT,2026-08-28 15:00:00,78315.463774,2026-08-30 16:00:00,79353.79758599999,2h 1j,0.01688731699176288,-18.204708593676713,-2.7529957912370095,Signal Reversal,925.8040667384553
LONG,2026-08-30 16:00:00,79353.79758599999,2026-08-30 23:00:00,77950.62615813814,7 jam,0.016333505551881827,-23.55531179978671,-3.634726465051613,Stop Loss,901.6006920919516
SHORT,2026-08-30 23:00:00,77666.4636,2026-09-03 14:00:00,79378.13621172124,3h 15j,0.016252072135401464,-28.463256355727896,-4.509956031594308,Stop Loss,872.5063152517592
SHORT,2026-09-04 12:00:00,79438.06920800002,2026-09-09 08:00:00,79713.959604,4h 20j,0.015376869724188207,-4.855206263461465,-0.794952291640517,Signal Reversal,867.0403545676215
LONG,2026-09-09 08:00:00,79713.959604,2026-09-09 15:00:00,78064.2005692068,7 jam,0.015227652752727635,-25.716324976849513,-4.237127708791069,Stop Loss,840.7171013425747
SHORT,2026-09-09 22:00:00,77908.475188,2026-09-11 13:00:00,79258.408512,1h 15j,0.015107521216907283,-20.992845377846812,-3.5671665371523735,Signal Reversal,819.1357539937881
LONG,2026-09-11 13:00:00,79258.408512,2026-09-13 10:00:00,76661.95454199999,1h 21j,0.014469001802094919,-38.1227081501967,-6.648594128336774,Signal Reversal,780.4396508157957
